,prompt,completion
0,"date=12/1/1983, spcpi=6, spcpi_m_s=6, spcpi_m_fe=6, spcpi_m_fes=6, trim_mean_pce=6, sixteenP_trim_mean_cpi=6, median_cpi=7, fpcpi=4, fpcpi_m_fe=7->",7
1,"date=1/1/1984, spcpi=6, spcpi_m_s=6, spcpi_m_fe=6, spcpi_m_fes=6, trim_mean_pce=6, sixteenP_trim_mean_cpi=6, median_cpi=7, fpcpi=5, fpcpi_m_fe=7->",7
2,"date=2/1/1984, spcpi=6, spcpi_m_s=6, spcpi_m_fe=6, spcpi_m_fes=6, trim_mean_pce=6, sixteenP_trim_mean_cpi=7, median_cpi=7, fpcpi=6, fpcpi_m_fe=7->",7
3,"date=3/1/1984, spcpi=6, spcpi_m_s=6, spcpi_m_fe=6, spcpi_m_fes=6, trim_mean_pce=7, sixteenP_trim_mean_cpi=7, median_cpi=7, fpcpi=6, fpcpi_m_fe=7->",7
4,"date=4/1/1984, spcpi=6, spcpi_m_s=6, spcpi_m_fe=6, spcpi_m_fes=6, trim_mean_pce=7, sixteenP_trim_mean_cpi=7, median_cpi=7, fpcpi=5, fpcpi_m_fe=7->",7
5,"date=5/1/1984, spcpi=6, spcpi_m_s=6, spcpi_m_fe=6, spcpi_m_fes=7, trim_mean_pce=6, sixteenP_trim_mean_cpi=6, median_cpi=7, fpcpi=5, fpcpi_m_fe=7->",7
6,"date=6/1/1984, spcpi=6, spcpi_m_s=7, spcpi_m_fe=6, spcpi_m_fes=7, trim_mean_pce=6, sixteenP_trim_mean_cpi=6, median_cpi=7, fpcpi=5, fpcpi_m_fe=7->",7
7,"date=7/1/1984, spcpi=7, spcpi_m_s=7, spcpi_m_fe=7, spcpi_m_fes=7, trim_mean_pce=7, sixteenP_trim_mean_cpi=7, median_cpi=7, fpcpi=5, fpcpi_m_fe=7->",7
8,"date=8/1/1984, spcpi=7, spcpi_m_s=7, spcpi_m_fe=7, spcpi_m_fes=7, trim_mean_pce=7, sixteenP_trim_mean_cpi=7, median_cpi=7, fpcpi=4, fpcpi_m_fe=7->",7
9,"date=9/1/1984, spcpi=7, spcpi_m_s=7, spcpi_m_fe=7, spcpi_m_fes=7, trim_mean_pce=7, sixteenP_trim_mean_cpi=7, median_cpi=7, fpcpi=4, fpcpi_m_fe=7->",7
10,"date=10/1/1984, spcpi=7, spcpi_m_s=7, spcpi_m_fe=7, spcpi_m_fes=7, trim_mean_pce=7, sixteenP_trim_mean_cpi=7, median_cpi=7, fpcpi=4, fpcpi_m_fe=7->",7
11,"date=11/1/1984, spcpi=7, spcpi_m_s=7, spcpi_m_fe=7, spcpi_m_fes=7, trim_mean_pce=7, sixteenP_trim_mean_cpi=6, median_cpi=6, fpcpi=4, fpcpi_m_fe=7->",7
12,"date=12/1/1984, spcpi=7, spcpi_m_s=7, spcpi_m_fe=7, spcpi_m_fes=7, trim_mean_pce=7, sixteenP_trim_mean_cpi=6, median_cpi=6, fpcpi=4, fpcpi_m_fe=6->",6
13,"date=1/1/1985, spcpi=6, spcpi_m_s=6, spcpi_m_fe=6, spcpi_m_fes=6, trim_mean_pce=7, sixteenP_trim_mean_cpi=6, median_cpi=6, fpcpi=3, fpcpi_m_fe=6->",6
14,"date=2/1/1985, spcpi=6, spcpi_m_s=6, spcpi_m_fe=7, spcpi_m_fes=6, trim_mean_pce=7, sixteenP_trim_mean_cpi=6, median_cpi=6, fpcpi=3, fpcpi_m_fe=7->",7
15,"date=3/1/1985, spcpi=7, spcpi_m_s=6, spcpi_m_fe=7, spcpi_m_fes=6, trim_mean_pce=7, sixteenP_trim_mean_cpi=6, median_cpi=6, fpcpi=3, fpcpi_m_fe=7->",7
16,"date=4/1/1985, spcpi=6, spcpi_m_s=6, spcpi_m_fe=6, spcpi_m_fes=6, trim_mean_pce=6, sixteenP_trim_mean_cpi=6, median_cpi=6, fpcpi=3, fpcpi_m_fe=6->",6
17,"date=5/1/1985, spcpi=7, spcpi_m_s=6, spcpi_m_fe=7, spcpi_m_fes=6, trim_mean_pce=6, sixteenP_trim_mean_cpi=6, median_cpi=6, fpcpi=3, fpcpi_m_fe=5->",5
18,"date=6/1/1985, spcpi=7, spcpi_m_s=6, spcpi_m_fe=7, spcpi_m_fes=6, trim_mean_pce=7, sixteenP_trim_mean_cpi=6, median_cpi=7, fpcpi=3, fpcpi_m_fe=5->",5
19,"date=7/1/1985, spcpi=7, spcpi_m_s=6, spcpi_m_fe=7, spcpi_m_fes=6, trim_mean_pce=6, sixteenP_trim_mean_cpi=6, median_cpi=6, fpcpi=2, fpcpi_m_fe=4->",4
20,"date=8/1/1985, spcpi=7, spcpi_m_s=6, spcpi_m_fe=7, spcpi_m_fes=6, trim_mean_pce=6, sixteenP_trim_mean_cpi=6, median_cpi=6, fpcpi=2, fpcpi_m_fe=4->",4
21,"date=9/1/1985, spcpi=6, spcpi_m_s=6, spcpi_m_fe=6, spcpi_m_fes=6, trim_mean_pce=6, sixteenP_trim_mean_cpi=6, median_cpi=6, fpcpi=2, fpcpi_m_fe=4->",4
22,"date=10/1/1985, spcpi=7, spcpi_m_s=6, spcpi_m_fe=7, spcpi_m_fes=6, trim_mean_pce=6, sixteenP_trim_mean_cpi=6, median_cpi=6, fpcpi=2, fpcpi_m_fe=4->",4
23,"date=11/1/1985, spcpi=7, spcpi_m_s=6, spcpi_m_fe=7, spcpi_m_fes=6, trim_mean_pce=6, sixteenP_trim_mean_cpi=6, median_cpi=6, fpcpi=2, fpcpi_m_fe=4->",4
24,"date=12/1/1985, spcpi=7, spcpi_m_s=6, spcpi_m_fe=7, spcpi_m_fes=6, trim_mean_pce=6, sixteenP_trim_mean_cpi=6, median_cpi=6, fpcpi=3, fpcpi_m_fe=4->",4
25,"date=1/1/1986, spcpi=7, spcpi_m_s=6, spcpi_m_fe=7, spcpi_m_fes=7, trim_mean_pce=7, sixteenP_trim_mean_cpi=6, median_cpi=6, fpcpi=3, fpcpi_m_fe=4->",4
26,"date=2/1/1986, spcpi=7, spcpi_m_s=6, spcpi_m_fe=7, spcpi_m_fes=6, trim_mean_pce=6, sixteenP_trim_mean_cpi=6, median_cpi=6, fpcpi=1, fpcpi_m_fe=2->",2
27,"date=3/1/1986, spcpi=7, spcpi_m_s=6, spcpi_m_fe=7, spcpi_m_fes=6, trim_mean_pce=6, sixteenP_trim_mean_cpi=6, median_cpi=6, fpcpi=0, fpcpi_m_fe=1->",1
28,"date=4/1/1986, spcpi=7, spcpi_m_s=6, spcpi_m_fe=7, spcpi_m_fes=6, trim_mean_pce=6, sixteenP_trim_mean_cpi=5, median_cpi=6, fpcpi=0, fpcpi_m_fe=0->",0
29,"date=5/1/1986, spcpi=7, spcpi_m_s=6, spcpi_m_fe=7, spcpi_m_fes=6, trim_mean_pce=6, sixteenP_trim_mean_cpi=5, median_cpi=6, fpcpi=0, fpcpi_m_fe=1->",1
30,"date=6/1/1986, spcpi=7, spcpi_m_s=6, spcpi_m_fe=7, spcpi_m_fes=6, trim_mean_pce=6, sixteenP_trim_mean_cpi=5, median_cpi=6, fpcpi=0, fpcpi_m_fe=1->",1
31,"date=7/1/1986, spcpi=7, spcpi_m_s=6, spcpi_m_fe=7, spcpi_m_fes=6, trim_mean_pce=6, sixteenP_trim_mean_cpi=5, median_cpi=6, fpcpi=0, fpcpi_m_fe=2->",2
32,"date=8/1/1986, spcpi=6, spcpi_m_s=6, spcpi_m_fe=7, spcpi_m_fes=6, trim_mean_pce=6, sixteenP_trim_mean_cpi=6, median_cpi=6, fpcpi=0, fpcpi_m_fe=3->",3
33,"date=9/1/1986, spcpi=7, spcpi_m_s=6, spcpi_m_fe=7, spcpi_m_fes=6, trim_mean_pce=6, sixteenP_trim_mean_cpi=6, median_cpi=6, fpcpi=0, fpcpi_m_fe=3->",3
34,"date=10/1/1986, spcpi=6, spcpi_m_s=6, spcpi_m_fe=7, spcpi_m_fes=6, trim_mean_pce=6, sixteenP_trim_mean_cpi=6, median_cpi=6, fpcpi=0, fpcpi_m_fe=3->",3
35,"date=11/1/1986, spcpi=6, spcpi_m_s=6, spcpi_m_fe=6, spcpi_m_fes=6, trim_mean_pce=6, sixteenP_trim_mean_cpi=5, median_cpi=6, fpcpi=0, fpcpi_m_fe=3->",3
36,"date=12/1/1986, spcpi=6, spcpi_m_s=6, spcpi_m_fe=6, spcpi_m_fes=6, trim_mean_pce=6, sixteenP_trim_mean_cpi=5, median_cpi=6, fpcpi=0, fpcpi_m_fe=3->",3
37,"date=1/1/1987, spcpi=6, spcpi_m_s=6, spcpi_m_fe=6, spcpi_m_fes=6, trim_mean_pce=6, sixteenP_trim_mean_cpi=6, median_cpi=6, fpcpi=0, fpcpi_m_fe=4->",4
38,"date=2/1/1987, spcpi=6, spcpi_m_s=6, spcpi_m_fe=6, spcpi_m_fes=6, trim_mean_pce=6, sixteenP_trim_mean_cpi=6, median_cpi=6, fpcpi=1, fpcpi_m_fe=4->",4
39,"date=3/1/1987, spcpi=6, spcpi_m_s=6, spcpi_m_fe=6, spcpi_m_fes=6, trim_mean_pce=6, sixteenP_trim_mean_cpi=6, median_cpi=6, fpcpi=2, fpcpi_m_fe=5->",5
40,"date=4/1/1987, spcpi=6, spcpi_m_s=6, spcpi_m_fe=6, spcpi_m_fes=6, trim_mean_pce=6, sixteenP_trim_mean_cpi=6, median_cpi=6, fpcpi=4, fpcpi_m_fe=6->",6
41,"date=5/1/1987, spcpi=6, spcpi_m_s=6, spcpi_m_fe=6, spcpi_m_fes=6, trim_mean_pce=6, sixteenP_trim_mean_cpi=6, median_cpi=6, fpcpi=5, fpcpi_m_fe=6->",6
42,"date=6/1/1987, spcpi=6, spcpi_m_s=6, spcpi_m_fe=6, spcpi_m_fes=5, trim_mean_pce=6, sixteenP_trim_mean_cpi=6, median_cpi=6, fpcpi=5, fpcpi_m_fe=7->",7
43,"date=7/1/1987, spcpi=6, spcpi_m_s=6, spcpi_m_fe=6, spcpi_m_fes=6, trim_mean_pce=6, sixteenP_trim_mean_cpi=6, median_cpi=6, fpcpi=5, fpcpi_m_fe=7->",7
44,"date=8/1/1987, spcpi=6, spcpi_m_s=6, spcpi_m_fe=6, spcpi_m_fes=6, trim_mean_pce=7, sixteenP_trim_mean_cpi=6, median_cpi=6, fpcpi=6, fpcpi_m_fe=7->",7
45,"date=9/1/1987, spcpi=6, spcpi_m_s=6, spcpi_m_fe=6, spcpi_m_fes=6, trim_mean_pce=6, sixteenP_trim_mean_cpi=6, median_cpi=7, fpcpi=6, fpcpi_m_fe=7->",7
46,"date=10/1/1987, spcpi=6, spcpi_m_s=6, spcpi_m_fe=6, spcpi_m_fes=6, trim_mean_pce=7, sixteenP_trim_mean_cpi=6, median_cpi=7, fpcpi=6, fpcpi_m_fe=7->",7
47,"date=11/1/1987, spcpi=6, spcpi_m_s=6, spcpi_m_fe=6, spcpi_m_fes=6, trim_mean_pce=7, sixteenP_trim_mean_cpi=7, median_cpi=6, fpcpi=6, fpcpi_m_fe=7->",7
48,"date=12/1/1987, spcpi=6, spcpi_m_s=6, spcpi_m_fe=6, spcpi_m_fes=5, trim_mean_pce=6, sixteenP_trim_mean_cpi=6, median_cpi=6, fpcpi=6, fpcpi_m_fe=7->",7
49,"date=1/1/1988, spcpi=6, spcpi_m_s=6, spcpi_m_fe=6, spcpi_m_fes=5, trim_mean_pce=6, sixteenP_trim_mean_cpi=6, median_cpi=6, fpcpi=5, fpcpi_m_fe=6->",6
50,"date=2/1/1988, spcpi=6, spcpi_m_s=6, spcpi_m_fe=6, spcpi_m_fes=5, trim_mean_pce=6, sixteenP_trim_mean_cpi=6, median_cpi=6, fpcpi=4, fpcpi_m_fe=6->",6
51,"date=3/1/1988, spcpi=6, spcpi_m_s=6, spcpi_m_fe=6, spcpi_m_fes=5, trim_mean_pce=6, sixteenP_trim_mean_cpi=6, median_cpi=6, fpcpi=4, fpcpi_m_fe=6->",6
52,"date=4/1/1988, spcpi=6, spcpi_m_s=6, spcpi_m_fe=6, spcpi_m_fes=6, trim_mean_pce=6, sixteenP_trim_mean_cpi=6, median_cpi=6, fpcpi=5, fpcpi_m_fe=7->",7
53,"date=5/1/1988, spcpi=6, spcpi_m_s=6, spcpi_m_fe=6, spcpi_m_fes=6, trim_mean_pce=6, sixteenP_trim_mean_cpi=6, median_cpi=6, fpcpi=4, fpcpi_m_fe=6->",6
54,"date=6/1/1988, spcpi=6, spcpi_m_s=6, spcpi_m_fe=6, spcpi_m_fes=6, trim_mean_pce=6, sixteenP_trim_mean_cpi=6, median_cpi=6, fpcpi=4, fpcpi_m_fe=6->",6
55,"date=7/1/1988, spcpi=6, spcpi_m_s=6, spcpi_m_fe=6, spcpi_m_fes=6, trim_mean_pce=7, sixteenP_trim_mean_cpi=6, median_cpi=6, fpcpi=5, fpcpi_m_fe=6->",6
56,"date=8/1/1988, spcpi=6, spcpi_m_s=6, spcpi_m_fe=6, spcpi_m_fes=6, trim_mean_pce=6, sixteenP_trim_mean_cpi=6, median_cpi=6, fpcpi=4, fpcpi_m_fe=6->",6
57,"date=9/1/1988, spcpi=6, spcpi_m_s=6, spcpi_m_fe=6, spcpi_m_fes=6, trim_mean_pce=7, sixteenP_trim_mean_cpi=6, median_cpi=6, fpcpi=5, fpcpi_m_fe=6->",6
58,"date=10/1/1988, spcpi=6, spcpi_m_s=7, spcpi_m_fe=6, spcpi_m_fes=7, trim_mean_pce=7, sixteenP_trim_mean_cpi=7, median_cpi=6, fpcpi=5, fpcpi_m_fe=6->",6
59,"date=11/1/1988, spcpi=6, spcpi_m_s=7, spcpi_m_fe=6, spcpi_m_fes=7, trim_mean_pce=7, sixteenP_trim_mean_cpi=7, median_cpi=6, fpcpi=5, fpcpi_m_fe=6->",6
60,"date=12/1/1988, spcpi=6, spcpi_m_s=7, spcpi_m_fe=7, spcpi_m_fes=7, trim_mean_pce=7, sixteenP_trim_mean_cpi=7, median_cpi=6, fpcpi=5, fpcpi_m_fe=7->",7
61,"date=1/1/1989, spcpi=6, spcpi_m_s=7, spcpi_m_fe=6, spcpi_m_fes=7, trim_mean_pce=7, sixteenP_trim_mean_cpi=7, median_cpi=7, fpcpi=5, fpcpi_m_fe=7->",7
62,"date=2/1/1989, spcpi=7, spcpi_m_s=7, spcpi_m_fe=6, spcpi_m_fes=7, trim_mean_pce=7, sixteenP_trim_mean_cpi=7, median_cpi=7, fpcpi=6, fpcpi_m_fe=7->",7
63,"date=3/1/1989, spcpi=6, spcpi_m_s=7, spcpi_m_fe=6, spcpi_m_fes=7, trim_mean_pce=7, sixteenP_trim_mean_cpi=7, median_cpi=7, fpcpi=6, fpcpi_m_fe=7->",7
64,"date=4/1/1989, spcpi=6, spcpi_m_s=7, spcpi_m_fe=6, spcpi_m_fes=7, trim_mean_pce=7, sixteenP_trim_mean_cpi=7, median_cpi=7, fpcpi=6, fpcpi_m_fe=6->",6
65,"date=5/1/1989, spcpi=6, spcpi_m_s=7, spcpi_m_fe=6, spcpi_m_fes=7, trim_mean_pce=7, sixteenP_trim_mean_cpi=7, median_cpi=7, fpcpi=7, fpcpi_m_fe=6->",6
66,"date=6/1/1989, spcpi=6, spcpi_m_s=7, spcpi_m_fe=6, spcpi_m_fes=7, trim_mean_pce=7, sixteenP_trim_mean_cpi=7, median_cpi=7, fpcpi=6, fpcpi_m_fe=6->",6
67,"date=7/1/1989, spcpi=7, spcpi_m_s=7, spcpi_m_fe=7, spcpi_m_fes=7, trim_mean_pce=7, sixteenP_trim_mean_cpi=7, median_cpi=7, fpcpi=6, fpcpi_m_fe=6->",6
68,"date=8/1/1989, spcpi=7, spcpi_m_s=7, spcpi_m_fe=7, spcpi_m_fes=7, trim_mean_pce=7, sixteenP_trim_mean_cpi=7, median_cpi=7, fpcpi=6, fpcpi_m_fe=6->",6
69,"date=9/1/1989, spcpi=6, spcpi_m_s=7, spcpi_m_fe=6, spcpi_m_fes=7, trim_mean_pce=7, sixteenP_trim_mean_cpi=7, median_cpi=7, fpcpi=5, fpcpi_m_fe=5->",5
70,"date=10/1/1989, spcpi=7, spcpi_m_s=7, spcpi_m_fe=7, spcpi_m_fes=7, trim_mean_pce=7, sixteenP_trim_mean_cpi=7, median_cpi=7, fpcpi=5, fpcpi_m_fe=5->",5
71,"date=11/1/1989, spcpi=7, spcpi_m_s=7, spcpi_m_fe=7, spcpi_m_fes=7, trim_mean_pce=7, sixteenP_trim_mean_cpi=7, median_cpi=7, fpcpi=5, fpcpi_m_fe=5->",5
72,"date=12/1/1989, spcpi=7, spcpi_m_s=7, spcpi_m_fe=7, spcpi_m_fes=7, trim_mean_pce=7, sixteenP_trim_mean_cpi=7, median_cpi=7, fpcpi=6, fpcpi_m_fe=5->",5
73,"date=1/1/1990, spcpi=7, spcpi_m_s=7, spcpi_m_fe=7, spcpi_m_fes=7, trim_mean_pce=7, sixteenP_trim_mean_cpi=7, median_cpi=7, fpcpi=6, fpcpi_m_fe=5->",5
74,"date=2/1/1990, spcpi=7, spcpi_m_s=7, spcpi_m_fe=7, spcpi_m_fes=7, trim_mean_pce=7, sixteenP_trim_mean_cpi=7, median_cpi=7, fpcpi=6, fpcpi_m_fe=6->",6
75,"date=3/1/1990, spcpi=7, spcpi_m_s=7, spcpi_m_fe=7, spcpi_m_fes=7, trim_mean_pce=7, sixteenP_trim_mean_cpi=7, median_cpi=7, fpcpi=6, fpcpi_m_fe=6->",6
76,"date=4/1/1990, spcpi=7, spcpi_m_s=7, spcpi_m_fe=7, spcpi_m_fes=7, trim_mean_pce=7, sixteenP_trim_mean_cpi=7, median_cpi=7, fpcpi=5, fpcpi_m_fe=6->",6
77,"date=5/1/1990, spcpi=7, spcpi_m_s=7, spcpi_m_fe=7, spcpi_m_fes=7, trim_mean_pce=7, sixteenP_trim_mean_cpi=7, median_cpi=7, fpcpi=4, fpcpi_m_fe=6->",6
78,"date=6/1/1990, spcpi=7, spcpi_m_s=7, spcpi_m_fe=7, spcpi_m_fes=7, trim_mean_pce=7, sixteenP_trim_mean_cpi=7, median_cpi=7, fpcpi=5, fpcpi_m_fe=6->",6
79,"date=7/1/1990, spcpi=7, spcpi_m_s=7, spcpi_m_fe=7, spcpi_m_fes=7, trim_mean_pce=7, sixteenP_trim_mean_cpi=7, median_cpi=7, fpcpi=5, fpcpi_m_fe=6->",6
80,"date=8/1/1990, spcpi=7, spcpi_m_s=7, spcpi_m_fe=7, spcpi_m_fes=7, trim_mean_pce=7, sixteenP_trim_mean_cpi=7, median_cpi=7, fpcpi=6, fpcpi_m_fe=7->",7
81,"date=9/1/1990, spcpi=7, spcpi_m_s=7, spcpi_m_fe=7, spcpi_m_fes=7, trim_mean_pce=7, sixteenP_trim_mean_cpi=7, median_cpi=7, fpcpi=7, fpcpi_m_fe=6->",6
82,"date=10/1/1990, spcpi=7, spcpi_m_s=7, spcpi_m_fe=7, spcpi_m_fes=7, trim_mean_pce=7, sixteenP_trim_mean_cpi=7, median_cpi=7, fpcpi=7, fpcpi_m_fe=6->",6
83,"date=11/1/1990, spcpi=7, spcpi_m_s=7, spcpi_m_fe=7, spcpi_m_fes=7, trim_mean_pce=7, sixteenP_trim_mean_cpi=7, median_cpi=7, fpcpi=7, fpcpi_m_fe=6->",6
84,"date=12/1/1990, spcpi=7, spcpi_m_s=7, spcpi_m_fe=7, spcpi_m_fes=7, trim_mean_pce=7, sixteenP_trim_mean_cpi=7, median_cpi=7, fpcpi=7, fpcpi_m_fe=6->",6
85,"date=1/1/1991, spcpi=7, spcpi_m_s=7, spcpi_m_fe=7, spcpi_m_fes=7, trim_mean_pce=7, sixteenP_trim_mean_cpi=7, median_cpi=7, fpcpi=6, fpcpi_m_fe=7->",7
86,"date=2/1/1991, spcpi=7, spcpi_m_s=7, spcpi_m_fe=7, spcpi_m_fes=7, trim_mean_pce=7, sixteenP_trim_mean_cpi=7, median_cpi=7, fpcpi=6, fpcpi_m_fe=7->",7
87,"date=3/1/1991, spcpi=7, spcpi_m_s=7, spcpi_m_fe=7, spcpi_m_fes=7, trim_mean_pce=6, sixteenP_trim_mean_cpi=7, median_cpi=7, fpcpi=5, fpcpi_m_fe=6->",6
88,"date=4/1/1991, spcpi=7, spcpi_m_s=7, spcpi_m_fe=7, spcpi_m_fes=7, trim_mean_pce=6, sixteenP_trim_mean_cpi=7, median_cpi=7, fpcpi=5, fpcpi_m_fe=6->",6
89,"date=5/1/1991, spcpi=7, spcpi_m_s=7, spcpi_m_fe=7, spcpi_m_fes=7, trim_mean_pce=6, sixteenP_trim_mean_cpi=7, median_cpi=7, fpcpi=6, fpcpi_m_fe=7->",7
90,"date=6/1/1991, spcpi=7, spcpi_m_s=7, spcpi_m_fe=7, spcpi_m_fes=7, trim_mean_pce=6, sixteenP_trim_mean_cpi=7, median_cpi=7, fpcpi=6, fpcpi_m_fe=7->",7
91,"date=7/1/1991, spcpi=7, spcpi_m_s=7, spcpi_m_fe=6, spcpi_m_fes=7, trim_mean_pce=6, sixteenP_trim_mean_cpi=7, median_cpi=7, fpcpi=5, fpcpi_m_fe=7->",7
92,"date=8/1/1991, spcpi=6, spcpi_m_s=7, spcpi_m_fe=6, spcpi_m_fes=7, trim_mean_pce=6, sixteenP_trim_mean_cpi=6, median_cpi=6, fpcpi=4, fpcpi_m_fe=7->",7
93,"date=9/1/1991, spcpi=6, spcpi_m_s=7, spcpi_m_fe=6, spcpi_m_fes=7, trim_mean_pce=6, sixteenP_trim_mean_cpi=6, median_cpi=6, fpcpi=2, fpcpi_m_fe=7->",7
94,"date=10/1/1991, spcpi=6, spcpi_m_s=7, spcpi_m_fe=6, spcpi_m_fes=7, trim_mean_pce=6, sixteenP_trim_mean_cpi=6, median_cpi=6, fpcpi=1, fpcpi_m_fe=7->",7
95,"date=11/1/1991, spcpi=6, spcpi_m_s=7, spcpi_m_fe=6, spcpi_m_fes=7, trim_mean_pce=6, sixteenP_trim_mean_cpi=6, median_cpi=6, fpcpi=1, fpcpi_m_fe=7->",7
96,"date=12/1/1991, spcpi=6, spcpi_m_s=7, spcpi_m_fe=6, spcpi_m_fes=7, trim_mean_pce=6, sixteenP_trim_mean_cpi=6, median_cpi=6, fpcpi=1, fpcpi_m_fe=7->",7
97,"date=1/1/1992, spcpi=6, spcpi_m_s=6, spcpi_m_fe=6, spcpi_m_fes=6, trim_mean_pce=6, sixteenP_trim_mean_cpi=6, median_cpi=6, fpcpi=1, fpcpi_m_fe=6->",6
98,"date=2/1/1992, spcpi=6, spcpi_m_s=6, spcpi_m_fe=6, spcpi_m_fes=6, trim_mean_pce=6, sixteenP_trim_mean_cpi=6, median_cpi=5, fpcpi=2, fpcpi_m_fe=6->",6
99,"date=3/1/1992, spcpi=6, spcpi_m_s=6, spcpi_m_fe=6, spcpi_m_fes=6, trim_mean_pce=6, sixteenP_trim_mean_cpi=6, median_cpi=6, fpcpi=3, fpcpi_m_fe=6->",6
100,"date=4/1/1992, spcpi=6, spcpi_m_s=6, spcpi_m_fe=6, spcpi_m_fes=6, trim_mean_pce=6, sixteenP_trim_mean_cpi=6, median_cpi=5, fpcpi=2, fpcpi_m_fe=6->",6
101,"date=5/1/1992, spcpi=6, spcpi_m_s=6, spcpi_m_fe=6, spcpi_m_fes=6, trim_mean_pce=5, sixteenP_trim_mean_cpi=5, median_cpi=5, fpcpi=2, fpcpi_m_fe=6->",6
102,"date=6/1/1992, spcpi=6, spcpi_m_s=6, spcpi_m_fe=6, spcpi_m_fes=6, trim_mean_pce=5, sixteenP_trim_mean_cpi=6, median_cpi=5, fpcpi=3, fpcpi_m_fe=6->",6
103,"date=7/1/1992, spcpi=5, spcpi_m_s=5, spcpi_m_fe=6, spcpi_m_fes=6, trim_mean_pce=5, sixteenP_trim_mean_cpi=5, median_cpi=4, fpcpi=3, fpcpi_m_fe=6->",6
104,"date=8/1/1992, spcpi=5, spcpi_m_s=5, spcpi_m_fe=5, spcpi_m_fes=5, trim_mean_pce=5, sixteenP_trim_mean_cpi=5, median_cpi=4, fpcpi=4, fpcpi_m_fe=6->",6
105,"date=9/1/1992, spcpi=5, spcpi_m_s=5, spcpi_m_fe=5, spcpi_m_fes=5, trim_mean_pce=5, sixteenP_trim_mean_cpi=5, median_cpi=3, fpcpi=4, fpcpi_m_fe=6->",6
106,"date=10/1/1992, spcpi=5, spcpi_m_s=5, spcpi_m_fe=5, spcpi_m_fes=5, trim_mean_pce=5, sixteenP_trim_mean_cpi=5, median_cpi=4, fpcpi=4, fpcpi_m_fe=6->",6
107,"date=11/1/1992, spcpi=5, spcpi_m_s=5, spcpi_m_fe=5, spcpi_m_fes=6, trim_mean_pce=5, sixteenP_trim_mean_cpi=5, median_cpi=3, fpcpi=3, fpcpi_m_fe=5->",5
108,"date=12/1/1992, spcpi=5, spcpi_m_s=5, spcpi_m_fe=5, spcpi_m_fes=5, trim_mean_pce=5, sixteenP_trim_mean_cpi=5, median_cpi=3, fpcpi=3, fpcpi_m_fe=5->",5
109,"date=1/1/1993, spcpi=5, spcpi_m_s=5, spcpi_m_fe=5, spcpi_m_fes=6, trim_mean_pce=5, sixteenP_trim_mean_cpi=5, median_cpi=4, fpcpi=4, fpcpi_m_fe=6->",6
110,"date=2/1/1993, spcpi=5, spcpi_m_s=5, spcpi_m_fe=5, spcpi_m_fes=6, trim_mean_pce=5, sixteenP_trim_mean_cpi=5, median_cpi=4, fpcpi=4, fpcpi_m_fe=6->",6
111,"date=3/1/1993, spcpi=5, spcpi_m_s=5, spcpi_m_fe=5, spcpi_m_fes=5, trim_mean_pce=5, sixteenP_trim_mean_cpi=5, median_cpi=3, fpcpi=4, fpcpi_m_fe=6->",6
112,"date=4/1/1993, spcpi=5, spcpi_m_s=5, spcpi_m_fe=5, spcpi_m_fes=5, trim_mean_pce=5, sixteenP_trim_mean_cpi=5, median_cpi=3, fpcpi=4, fpcpi_m_fe=6->",6
113,"date=5/1/1993, spcpi=5, spcpi_m_s=5, spcpi_m_fe=5, spcpi_m_fes=5, trim_mean_pce=5, sixteenP_trim_mean_cpi=5, median_cpi=3, fpcpi=4, fpcpi_m_fe=6->",6
114,"date=6/1/1993, spcpi=5, spcpi_m_s=5, spcpi_m_fe=5, spcpi_m_fes=6, trim_mean_pce=5, sixteenP_trim_mean_cpi=5, median_cpi=3, fpcpi=3, fpcpi_m_fe=5->",5
115,"date=7/1/1993, spcpi=5, spcpi_m_s=5, spcpi_m_fe=5, spcpi_m_fes=5, trim_mean_pce=5, sixteenP_trim_mean_cpi=4, median_cpi=3, fpcpi=3, fpcpi_m_fe=5->",5
116,"date=8/1/1993, spcpi=5, spcpi_m_s=5, spcpi_m_fe=5, spcpi_m_fes=5, trim_mean_pce=5, sixteenP_trim_mean_cpi=5, median_cpi=3, fpcpi=3, fpcpi_m_fe=5->",5
117,"date=9/1/1993, spcpi=5, spcpi_m_s=5, spcpi_m_fe=5, spcpi_m_fes=6, trim_mean_pce=5, sixteenP_trim_mean_cpi=5, median_cpi=3, fpcpi=2, fpcpi_m_fe=4->",4
118,"date=10/1/1993, spcpi=5, spcpi_m_s=5, spcpi_m_fe=5, spcpi_m_fes=5, trim_mean_pce=5, sixteenP_trim_mean_cpi=5, median_cpi=3, fpcpi=3, fpcpi_m_fe=4->",4
119,"date=11/1/1993, spcpi=5, spcpi_m_s=5, spcpi_m_fe=5, spcpi_m_fes=5, trim_mean_pce=4, sixteenP_trim_mean_cpi=5, median_cpi=3, fpcpi=3, fpcpi_m_fe=5->",5
120,"date=12/1/1993, spcpi=5, spcpi_m_s=5, spcpi_m_fe=5, spcpi_m_fes=5, trim_mean_pce=4, sixteenP_trim_mean_cpi=5, median_cpi=4, fpcpi=2, fpcpi_m_fe=4->",4
121,"date=1/1/1994, spcpi=5, spcpi_m_s=5, spcpi_m_fe=5, spcpi_m_fes=5, trim_mean_pce=4, sixteenP_trim_mean_cpi=4, median_cpi=3, fpcpi=2, fpcpi_m_fe=3->",3
122,"date=2/1/1994, spcpi=5, spcpi_m_s=5, spcpi_m_fe=5, spcpi_m_fes=5, trim_mean_pce=4, sixteenP_trim_mean_cpi=4, median_cpi=4, fpcpi=2, fpcpi_m_fe=2->",2
123,"date=3/1/1994, spcpi=5, spcpi_m_s=5, spcpi_m_fe=5, spcpi_m_fes=5, trim_mean_pce=4, sixteenP_trim_mean_cpi=5, median_cpi=4, fpcpi=2, fpcpi_m_fe=2->",2
124,"date=4/1/1994, spcpi=5, spcpi_m_s=5, spcpi_m_fe=5, spcpi_m_fes=5, trim_mean_pce=4, sixteenP_trim_mean_cpi=4, median_cpi=3, fpcpi=2, fpcpi_m_fe=2->",2
125,"date=5/1/1994, spcpi=4, spcpi_m_s=5, spcpi_m_fe=5, spcpi_m_fes=5, trim_mean_pce=4, sixteenP_trim_mean_cpi=4, median_cpi=3, fpcpi=2, fpcpi_m_fe=3->",3
126,"date=6/1/1994, spcpi=4, spcpi_m_s=5, spcpi_m_fe=5, spcpi_m_fes=5, trim_mean_pce=4, sixteenP_trim_mean_cpi=4, median_cpi=3, fpcpi=2, fpcpi_m_fe=4->",4
127,"date=7/1/1994, spcpi=4, spcpi_m_s=5, spcpi_m_fe=5, spcpi_m_fes=5, trim_mean_pce=4, sixteenP_trim_mean_cpi=4, median_cpi=4, fpcpi=3, fpcpi_m_fe=4->",4
128,"date=8/1/1994, spcpi=5, spcpi_m_s=5, spcpi_m_fe=5, spcpi_m_fes=5, trim_mean_pce=4, sixteenP_trim_mean_cpi=5, median_cpi=4, fpcpi=4, fpcpi_m_fe=4->",4
129,"date=9/1/1994, spcpi=4, spcpi_m_s=5, spcpi_m_fe=5, spcpi_m_fes=5, trim_mean_pce=4, sixteenP_trim_mean_cpi=5, median_cpi=5, fpcpi=4, fpcpi_m_fe=5->",5
130,"date=10/1/1994, spcpi=4, spcpi_m_s=4, spcpi_m_fe=5, spcpi_m_fes=5, trim_mean_pce=4, sixteenP_trim_mean_cpi=4, median_cpi=4, fpcpi=3, fpcpi_m_fe=5->",5
131,"date=11/1/1994, spcpi=4, spcpi_m_s=4, spcpi_m_fe=4, spcpi_m_fes=4, trim_mean_pce=4, sixteenP_trim_mean_cpi=4, median_cpi=4, fpcpi=3, fpcpi_m_fe=4->",4
132,"date=12/1/1994, spcpi=4, spcpi_m_s=4, spcpi_m_fe=4, spcpi_m_fes=4, trim_mean_pce=3, sixteenP_trim_mean_cpi=3, median_cpi=4, fpcpi=4, fpcpi_m_fe=4->",4
133,"date=1/1/1995, spcpi=4, spcpi_m_s=5, spcpi_m_fe=4, spcpi_m_fes=5, trim_mean_pce=4, sixteenP_trim_mean_cpi=4, median_cpi=4, fpcpi=4, fpcpi_m_fe=5->",5
134,"date=2/1/1995, spcpi=4, spcpi_m_s=5, spcpi_m_fe=4, spcpi_m_fes=5, trim_mean_pce=4, sixteenP_trim_mean_cpi=4, median_cpi=4, fpcpi=4, fpcpi_m_fe=5->",5
135,"date=3/1/1995, spcpi=4, spcpi_m_s=5, spcpi_m_fe=5, spcpi_m_fes=5, trim_mean_pce=3, sixteenP_trim_mean_cpi=4, median_cpi=5, fpcpi=4, fpcpi_m_fe=5->",5
136,"date=4/1/1995, spcpi=5, spcpi_m_s=5, spcpi_m_fe=5, spcpi_m_fes=5, trim_mean_pce=4, sixteenP_trim_mean_cpi=5, median_cpi=5, fpcpi=4, fpcpi_m_fe=5->",5
137,"date=5/1/1995, spcpi=5, spcpi_m_s=5, spcpi_m_fe=5, spcpi_m_fes=5, trim_mean_pce=4, sixteenP_trim_mean_cpi=5, median_cpi=5, fpcpi=4, fpcpi_m_fe=5->",5
138,"date=6/1/1995, spcpi=5, spcpi_m_s=5, spcpi_m_fe=5, spcpi_m_fes=5, trim_mean_pce=3, sixteenP_trim_mean_cpi=4, median_cpi=5, fpcpi=4, fpcpi_m_fe=4->",4
139,"date=7/1/1995, spcpi=5, spcpi_m_s=5, spcpi_m_fe=5, spcpi_m_fes=5, trim_mean_pce=3, sixteenP_trim_mean_cpi=4, median_cpi=5, fpcpi=3, fpcpi_m_fe=4->",4
140,"date=8/1/1995, spcpi=5, spcpi_m_s=5, spcpi_m_fe=5, spcpi_m_fes=5, trim_mean_pce=3, sixteenP_trim_mean_cpi=4, median_cpi=5, fpcpi=2, fpcpi_m_fe=4->",4
141,"date=9/1/1995, spcpi=5, spcpi_m_s=5, spcpi_m_fe=5, spcpi_m_fes=5, trim_mean_pce=3, sixteenP_trim_mean_cpi=4, median_cpi=5, fpcpi=2, fpcpi_m_fe=4->",4
142,"date=10/1/1995, spcpi=5, spcpi_m_s=5, spcpi_m_fe=5, spcpi_m_fes=5, trim_mean_pce=4, sixteenP_trim_mean_cpi=5, median_cpi=5, fpcpi=2, fpcpi_m_fe=4->",4
143,"date=11/1/1995, spcpi=5, spcpi_m_s=5, spcpi_m_fe=5, spcpi_m_fes=5, trim_mean_pce=4, sixteenP_trim_mean_cpi=4, median_cpi=5, fpcpi=2, fpcpi_m_fe=4->",4
144,"date=12/1/1995, spcpi=5, spcpi_m_s=5, spcpi_m_fe=5, spcpi_m_fes=5, trim_mean_pce=4, sixteenP_trim_mean_cpi=5, median_cpi=5, fpcpi=2, fpcpi_m_fe=4->",4
145,"date=1/1/1996, spcpi=5, spcpi_m_s=5, spcpi_m_fe=5, spcpi_m_fes=5, trim_mean_pce=3, sixteenP_trim_mean_cpi=5, median_cpi=5, fpcpi=3, fpcpi_m_fe=4->",4
146,"date=2/1/1996, spcpi=5, spcpi_m_s=5, spcpi_m_fe=5, spcpi_m_fes=5, trim_mean_pce=3, sixteenP_trim_mean_cpi=5, median_cpi=5, fpcpi=3, fpcpi_m_fe=4->",4
147,"date=3/1/1996, spcpi=4, spcpi_m_s=4, spcpi_m_fe=4, spcpi_m_fes=5, trim_mean_pce=4, sixteenP_trim_mean_cpi=5, median_cpi=5, fpcpi=4, fpcpi_m_fe=4->",4
148,"date=4/1/1996, spcpi=4, spcpi_m_s=4, spcpi_m_fe=4, spcpi_m_fes=4, trim_mean_pce=3, sixteenP_trim_mean_cpi=4, median_cpi=5, fpcpi=4, fpcpi_m_fe=3->",3
149,"date=5/1/1996, spcpi=4, spcpi_m_s=4, spcpi_m_fe=4, spcpi_m_fes=5, trim_mean_pce=3, sixteenP_trim_mean_cpi=4, median_cpi=4, fpcpi=4, fpcpi_m_fe=3->",3
150,"date=6/1/1996, spcpi=4, spcpi_m_s=4, spcpi_m_fe=4, spcpi_m_fes=5, trim_mean_pce=4, sixteenP_trim_mean_cpi=5, median_cpi=4, fpcpi=3, fpcpi_m_fe=3->",3
151,"date=7/1/1996, spcpi=4, spcpi_m_s=4, spcpi_m_fe=4, spcpi_m_fes=4, trim_mean_pce=4, sixteenP_trim_mean_cpi=5, median_cpi=4, fpcpi=4, fpcpi_m_fe=3->",3
152,"date=8/1/1996, spcpi=4, spcpi_m_s=4, spcpi_m_fe=4, spcpi_m_fes=5, trim_mean_pce=4, sixteenP_trim_mean_cpi=4, median_cpi=4, fpcpi=4, fpcpi_m_fe=2->",2
153,"date=9/1/1996, spcpi=4, spcpi_m_s=5, spcpi_m_fe=4, spcpi_m_fes=5, trim_mean_pce=4, sixteenP_trim_mean_cpi=5, median_cpi=4, fpcpi=4, fpcpi_m_fe=2->",2
154,"date=10/1/1996, spcpi=4, spcpi_m_s=4, spcpi_m_fe=4, spcpi_m_fes=4, trim_mean_pce=4, sixteenP_trim_mean_cpi=5, median_cpi=4, fpcpi=5, fpcpi_m_fe=2->",2
155,"date=11/1/1996, spcpi=4, spcpi_m_s=5, spcpi_m_fe=4, spcpi_m_fes=5, trim_mean_pce=4, sixteenP_trim_mean_cpi=5, median_cpi=4, fpcpi=5, fpcpi_m_fe=3->",3
156,"date=12/1/1996, spcpi=4, spcpi_m_s=5, spcpi_m_fe=4, spcpi_m_fes=5, trim_mean_pce=4, sixteenP_trim_mean_cpi=5, median_cpi=4, fpcpi=5, fpcpi_m_fe=2->",2
157,"date=1/1/1997, spcpi=4, spcpi_m_s=5, spcpi_m_fe=4, spcpi_m_fes=4, trim_mean_pce=4, sixteenP_trim_mean_cpi=4, median_cpi=4, fpcpi=5, fpcpi_m_fe=2->",2
158,"date=2/1/1997, spcpi=4, spcpi_m_s=4, spcpi_m_fe=4, spcpi_m_fes=4, trim_mean_pce=4, sixteenP_trim_mean_cpi=4, median_cpi=4, fpcpi=5, fpcpi_m_fe=3->",3
159,"date=3/1/1997, spcpi=4, spcpi_m_s=4, spcpi_m_fe=4, spcpi_m_fes=4, trim_mean_pce=4, sixteenP_trim_mean_cpi=4, median_cpi=4, fpcpi=3, fpcpi_m_fe=2->",2
160,"date=4/1/1997, spcpi=4, spcpi_m_s=4, spcpi_m_fe=4, spcpi_m_fes=4, trim_mean_pce=4, sixteenP_trim_mean_cpi=4, median_cpi=4, fpcpi=2, fpcpi_m_fe=3->",3
161,"date=5/1/1997, spcpi=4, spcpi_m_s=4, spcpi_m_fe=4, spcpi_m_fes=4, trim_mean_pce=3, sixteenP_trim_mean_cpi=3, median_cpi=4, fpcpi=2, fpcpi_m_fe=3->",3
162,"date=6/1/1997, spcpi=4, spcpi_m_s=4, spcpi_m_fe=4, spcpi_m_fes=4, trim_mean_pce=3, sixteenP_trim_mean_cpi=3, median_cpi=4, fpcpi=2, fpcpi_m_fe=2->",2
163,"date=7/1/1997, spcpi=3, spcpi_m_s=4, spcpi_m_fe=4, spcpi_m_fes=4, trim_mean_pce=3, sixteenP_trim_mean_cpi=3, median_cpi=3, fpcpi=2, fpcpi_m_fe=2->",2
164,"date=8/1/1997, spcpi=3, spcpi_m_s=3, spcpi_m_fe=3, spcpi_m_fes=3, trim_mean_pce=3, sixteenP_trim_mean_cpi=3, median_cpi=3, fpcpi=2, fpcpi_m_fe=2->",2
165,"date=9/1/1997, spcpi=3, spcpi_m_s=3, spcpi_m_fe=3, spcpi_m_fes=3, trim_mean_pce=3, sixteenP_trim_mean_cpi=3, median_cpi=3, fpcpi=2, fpcpi_m_fe=2->",2
166,"date=10/1/1997, spcpi=3, spcpi_m_s=3, spcpi_m_fe=3, spcpi_m_fes=3, trim_mean_pce=2, sixteenP_trim_mean_cpi=2, median_cpi=3, fpcpi=2, fpcpi_m_fe=2->",2
167,"date=11/1/1997, spcpi=3, spcpi_m_s=2, spcpi_m_fe=3, spcpi_m_fes=2, trim_mean_pce=1, sixteenP_trim_mean_cpi=2, median_cpi=2, fpcpi=1, fpcpi_m_fe=1->",1
168,"date=12/1/1997, spcpi=3, spcpi_m_s=2, spcpi_m_fe=3, spcpi_m_fes=2, trim_mean_pce=1, sixteenP_trim_mean_cpi=2, median_cpi=3, fpcpi=1, fpcpi_m_fe=2->",2
169,"date=1/1/1998, spcpi=3, spcpi_m_s=3, spcpi_m_fe=3, spcpi_m_fes=3, trim_mean_pce=0, sixteenP_trim_mean_cpi=2, median_cpi=2, fpcpi=1, fpcpi_m_fe=1->",1
170,"date=2/1/1998, spcpi=3, spcpi_m_s=3, spcpi_m_fe=3, spcpi_m_fes=3, trim_mean_pce=0, sixteenP_trim_mean_cpi=1, median_cpi=3, fpcpi=0, fpcpi_m_fe=1->",1
171,"date=3/1/1998, spcpi=3, spcpi_m_s=2, spcpi_m_fe=3, spcpi_m_fes=3, trim_mean_pce=0, sixteenP_trim_mean_cpi=2, median_cpi=2, fpcpi=0, fpcpi_m_fe=1->",1
172,"date=4/1/1998, spcpi=3, spcpi_m_s=2, spcpi_m_fe=3, spcpi_m_fes=3, trim_mean_pce=0, sixteenP_trim_mean_cpi=2, median_cpi=2, fpcpi=1, fpcpi_m_fe=1->",1
173,"date=5/1/1998, spcpi=3, spcpi_m_s=2, spcpi_m_fe=3, spcpi_m_fes=2, trim_mean_pce=1, sixteenP_trim_mean_cpi=2, median_cpi=2, fpcpi=1, fpcpi_m_fe=1->",1
174,"date=6/1/1998, spcpi=3, spcpi_m_s=2, spcpi_m_fe=3, spcpi_m_fes=2, trim_mean_pce=0, sixteenP_trim_mean_cpi=2, median_cpi=3, fpcpi=1, fpcpi_m_fe=2->",2
175,"date=7/1/1998, spcpi=3, spcpi_m_s=2, spcpi_m_fe=3, spcpi_m_fes=2, trim_mean_pce=1, sixteenP_trim_mean_cpi=2, median_cpi=3, fpcpi=1, fpcpi_m_fe=3->",3
176,"date=8/1/1998, spcpi=3, spcpi_m_s=2, spcpi_m_fe=3, spcpi_m_fes=2, trim_mean_pce=1, sixteenP_trim_mean_cpi=2, median_cpi=3, fpcpi=1, fpcpi_m_fe=4->",4
177,"date=9/1/1998, spcpi=3, spcpi_m_s=2, spcpi_m_fe=3, spcpi_m_fes=2, trim_mean_pce=1, sixteenP_trim_mean_cpi=2, median_cpi=4, fpcpi=1, fpcpi_m_fe=4->",4
178,"date=10/1/1998, spcpi=3, spcpi_m_s=1, spcpi_m_fe=3, spcpi_m_fes=1, trim_mean_pce=1, sixteenP_trim_mean_cpi=1, median_cpi=4, fpcpi=1, fpcpi_m_fe=4->",4
179,"date=11/1/1998, spcpi=2, spcpi_m_s=1, spcpi_m_fe=3, spcpi_m_fes=2, trim_mean_pce=1, sixteenP_trim_mean_cpi=1, median_cpi=4, fpcpi=1, fpcpi_m_fe=4->",4
180,"date=12/1/1998, spcpi=2, spcpi_m_s=1, spcpi_m_fe=2, spcpi_m_fes=1, trim_mean_pce=2, sixteenP_trim_mean_cpi=1, median_cpi=3, fpcpi=1, fpcpi_m_fe=5->",5
181,"date=1/1/1999, spcpi=2, spcpi_m_s=1, spcpi_m_fe=2, spcpi_m_fes=1, trim_mean_pce=2, sixteenP_trim_mean_cpi=1, median_cpi=3, fpcpi=1, fpcpi_m_fe=5->",5
182,"date=2/1/1999, spcpi=2, spcpi_m_s=1, spcpi_m_fe=2, spcpi_m_fes=1, trim_mean_pce=1, sixteenP_trim_mean_cpi=1, median_cpi=3, fpcpi=1, fpcpi_m_fe=4->",4
183,"date=3/1/1999, spcpi=1, spcpi_m_s=1, spcpi_m_fe=2, spcpi_m_fes=1, trim_mean_pce=1, sixteenP_trim_mean_cpi=0, median_cpi=2, fpcpi=2, fpcpi_m_fe=4->",4
184,"date=4/1/1999, spcpi=1, spcpi_m_s=1, spcpi_m_fe=1, spcpi_m_fes=1, trim_mean_pce=1, sixteenP_trim_mean_cpi=1, median_cpi=2, fpcpi=4, fpcpi_m_fe=5->",5
185,"date=5/1/1999, spcpi=1, spcpi_m_s=1, spcpi_m_fe=1, spcpi_m_fes=1, trim_mean_pce=1, sixteenP_trim_mean_cpi=1, median_cpi=2, fpcpi=3, fpcpi_m_fe=5->",5
186,"date=6/1/1999, spcpi=1, spcpi_m_s=0, spcpi_m_fe=1, spcpi_m_fes=0, trim_mean_pce=1, sixteenP_trim_mean_cpi=0, median_cpi=1, fpcpi=3, fpcpi_m_fe=5->",5
187,"date=7/1/1999, spcpi=1, spcpi_m_s=1, spcpi_m_fe=1, spcpi_m_fes=1, trim_mean_pce=1, sixteenP_trim_mean_cpi=0, median_cpi=1, fpcpi=4, fpcpi_m_fe=5->",5
188,"date=8/1/1999, spcpi=1, spcpi_m_s=1, spcpi_m_fe=1, spcpi_m_fes=1, trim_mean_pce=1, sixteenP_trim_mean_cpi=0, median_cpi=1, fpcpi=4, fpcpi_m_fe=4->",4
189,"date=9/1/1999, spcpi=1, spcpi_m_s=1, spcpi_m_fe=1, spcpi_m_fes=1, trim_mean_pce=1, sixteenP_trim_mean_cpi=1, median_cpi=0, fpcpi=5, fpcpi_m_fe=5->",5
190,"date=10/1/1999, spcpi=1, spcpi_m_s=1, spcpi_m_fe=1, spcpi_m_fes=1, trim_mean_pce=2, sixteenP_trim_mean_cpi=1, median_cpi=0, fpcpi=5, fpcpi_m_fe=5->",5
191,"date=11/1/1999, spcpi=1, spcpi_m_s=1, spcpi_m_fe=1, spcpi_m_fes=1, trim_mean_pce=2, sixteenP_trim_mean_cpi=1, median_cpi=0, fpcpi=5, fpcpi_m_fe=5->",5
192,"date=12/1/1999, spcpi=1, spcpi_m_s=2, spcpi_m_fe=1, spcpi_m_fes=2, trim_mean_pce=2, sixteenP_trim_mean_cpi=1, median_cpi=0, fpcpi=5, fpcpi_m_fe=3->",3
193,"date=1/1/2000, spcpi=2, spcpi_m_s=2, spcpi_m_fe=2, spcpi_m_fes=2, trim_mean_pce=2, sixteenP_trim_mean_cpi=2, median_cpi=1, fpcpi=5, fpcpi_m_fe=3->",3
194,"date=2/1/2000, spcpi=2, spcpi_m_s=2, spcpi_m_fe=2, spcpi_m_fes=2, trim_mean_pce=3, sixteenP_trim_mean_cpi=2, median_cpi=1, fpcpi=6, fpcpi_m_fe=4->",4
195,"date=3/1/2000, spcpi=2, spcpi_m_s=2, spcpi_m_fe=2, spcpi_m_fes=3, trim_mean_pce=3, sixteenP_trim_mean_cpi=3, median_cpi=2, fpcpi=7, fpcpi_m_fe=5->",5
196,"date=4/1/2000, spcpi=2, spcpi_m_s=2, spcpi_m_fe=2, spcpi_m_fes=2, trim_mean_pce=3, sixteenP_trim_mean_cpi=2, median_cpi=2, fpcpi=6, fpcpi_m_fe=5->",5
197,"date=5/1/2000, spcpi=3, spcpi_m_s=3, spcpi_m_fe=3, spcpi_m_fes=3, trim_mean_pce=3, sixteenP_trim_mean_cpi=3, median_cpi=2, fpcpi=6, fpcpi_m_fe=5->",5
198,"date=6/1/2000, spcpi=3, spcpi_m_s=3, spcpi_m_fe=3, spcpi_m_fes=4, trim_mean_pce=4, sixteenP_trim_mean_cpi=3, median_cpi=3, fpcpi=6, fpcpi_m_fe=5->",5
199,"date=7/1/2000, spcpi=3, spcpi_m_s=3, spcpi_m_fe=3, spcpi_m_fes=3, trim_mean_pce=4, sixteenP_trim_mean_cpi=4, median_cpi=3, fpcpi=6, fpcpi_m_fe=4->",4
200,"date=8/1/2000, spcpi=4, spcpi_m_s=4, spcpi_m_fe=4, spcpi_m_fes=4, trim_mean_pce=4, sixteenP_trim_mean_cpi=4, median_cpi=3, fpcpi=6, fpcpi_m_fe=4->",4
201,"date=9/1/2000, spcpi=4, spcpi_m_s=4, spcpi_m_fe=4, spcpi_m_fes=4, trim_mean_pce=4, sixteenP_trim_mean_cpi=4, median_cpi=4, fpcpi=6, fpcpi_m_fe=3->",3
202,"date=10/1/2000, spcpi=4, spcpi_m_s=4, spcpi_m_fe=4, spcpi_m_fes=4, trim_mean_pce=4, sixteenP_trim_mean_cpi=4, median_cpi=4, fpcpi=6, fpcpi_m_fe=3->",3
203,"date=11/1/2000, spcpi=4, spcpi_m_s=3, spcpi_m_fe=4, spcpi_m_fes=4, trim_mean_pce=5, sixteenP_trim_mean_cpi=4, median_cpi=4, fpcpi=6, fpcpi_m_fe=4->",4
204,"date=12/1/2000, spcpi=4, spcpi_m_s=3, spcpi_m_fe=4, spcpi_m_fes=4, trim_mean_pce=5, sixteenP_trim_mean_cpi=5, median_cpi=5, fpcpi=6, fpcpi_m_fe=3->",3
205,"date=1/1/2001, spcpi=4, spcpi_m_s=4, spcpi_m_fe=4, spcpi_m_fes=4, trim_mean_pce=5, sixteenP_trim_mean_cpi=5, median_cpi=5, fpcpi=6, fpcpi_m_fe=4->",4
206,"date=2/1/2001, spcpi=4, spcpi_m_s=4, spcpi_m_fe=4, spcpi_m_fes=4, trim_mean_pce=5, sixteenP_trim_mean_cpi=5, median_cpi=5, fpcpi=6, fpcpi_m_fe=5->",5
207,"date=3/1/2001, spcpi=4, spcpi_m_s=3, spcpi_m_fe=4, spcpi_m_fes=4, trim_mean_pce=5, sixteenP_trim_mean_cpi=4, median_cpi=5, fpcpi=5, fpcpi_m_fe=4->",4
208,"date=4/1/2001, spcpi=4, spcpi_m_s=4, spcpi_m_fe=4, spcpi_m_fes=4, trim_mean_pce=5, sixteenP_trim_mean_cpi=5, median_cpi=5, fpcpi=5, fpcpi_m_fe=3->",3
209,"date=5/1/2001, spcpi=4, spcpi_m_s=3, spcpi_m_fe=4, spcpi_m_fes=3, trim_mean_pce=5, sixteenP_trim_mean_cpi=5, median_cpi=5, fpcpi=6, fpcpi_m_fe=2->",2
210,"date=6/1/2001, spcpi=5, spcpi_m_s=4, spcpi_m_fe=5, spcpi_m_fes=4, trim_mean_pce=5, sixteenP_trim_mean_cpi=5, median_cpi=5, fpcpi=5, fpcpi_m_fe=3->",3
211,"date=7/1/2001, spcpi=5, spcpi_m_s=4, spcpi_m_fe=5, spcpi_m_fes=4, trim_mean_pce=5, sixteenP_trim_mean_cpi=4, median_cpi=5, fpcpi=3, fpcpi_m_fe=3->",3
212,"date=8/1/2001, spcpi=5, spcpi_m_s=4, spcpi_m_fe=5, spcpi_m_fes=4, trim_mean_pce=5, sixteenP_trim_mean_cpi=4, median_cpi=5, fpcpi=3, fpcpi_m_fe=2->",2
213,"date=9/1/2001, spcpi=5, spcpi_m_s=4, spcpi_m_fe=5, spcpi_m_fes=4, trim_mean_pce=5, sixteenP_trim_mean_cpi=4, median_cpi=5, fpcpi=2, fpcpi_m_fe=0->",0
214,"date=10/1/2001, spcpi=5, spcpi_m_s=4, spcpi_m_fe=5, spcpi_m_fes=4, trim_mean_pce=5, sixteenP_trim_mean_cpi=4, median_cpi=5, fpcpi=1, fpcpi_m_fe=0->",0
215,"date=11/1/2001, spcpi=5, spcpi_m_s=4, spcpi_m_fe=5, spcpi_m_fes=4, trim_mean_pce=5, sixteenP_trim_mean_cpi=4, median_cpi=6, fpcpi=1, fpcpi_m_fe=0->",0
216,"date=12/1/2001, spcpi=5, spcpi_m_s=4, spcpi_m_fe=5, spcpi_m_fes=4, trim_mean_pce=4, sixteenP_trim_mean_cpi=4, median_cpi=5, fpcpi=0, fpcpi_m_fe=1->",1
217,"date=1/1/2002, spcpi=5, spcpi_m_s=4, spcpi_m_fe=5, spcpi_m_fes=4, trim_mean_pce=3, sixteenP_trim_mean_cpi=3, median_cpi=5, fpcpi=0, fpcpi_m_fe=0->",0
218,"date=2/1/2002, spcpi=5, spcpi_m_s=4, spcpi_m_fe=5, spcpi_m_fes=4, trim_mean_pce=3, sixteenP_trim_mean_cpi=3, median_cpi=5, fpcpi=0, fpcpi_m_fe=0->",0
219,"date=3/1/2002, spcpi=5, spcpi_m_s=4, spcpi_m_fe=5, spcpi_m_fes=4, trim_mean_pce=3, sixteenP_trim_mean_cpi=2, median_cpi=5, fpcpi=0, fpcpi_m_fe=0->",0
220,"date=4/1/2002, spcpi=5, spcpi_m_s=4, spcpi_m_fe=5, spcpi_m_fes=4, trim_mean_pce=3, sixteenP_trim_mean_cpi=3, median_cpi=5, fpcpi=0, fpcpi_m_fe=0->",0
221,"date=5/1/2002, spcpi=5, spcpi_m_s=4, spcpi_m_fe=5, spcpi_m_fes=4, trim_mean_pce=3, sixteenP_trim_mean_cpi=2, median_cpi=5, fpcpi=0, fpcpi_m_fe=0->",0
222,"date=6/1/2002, spcpi=5, spcpi_m_s=4, spcpi_m_fe=5, spcpi_m_fes=4, trim_mean_pce=2, sixteenP_trim_mean_cpi=1, median_cpi=4, fpcpi=0, fpcpi_m_fe=0->",0
223,"date=7/1/2002, spcpi=5, spcpi_m_s=4, spcpi_m_fe=5, spcpi_m_fes=4, trim_mean_pce=3, sixteenP_trim_mean_cpi=2, median_cpi=4, fpcpi=0, fpcpi_m_fe=0->",0
224,"date=8/1/2002, spcpi=4, spcpi_m_s=4, spcpi_m_fe=4, spcpi_m_fes=4, trim_mean_pce=2, sixteenP_trim_mean_cpi=2, median_cpi=4, fpcpi=1, fpcpi_m_fe=0->",0
225,"date=9/1/2002, spcpi=4, spcpi_m_s=3, spcpi_m_fe=4, spcpi_m_fes=3, trim_mean_pce=3, sixteenP_trim_mean_cpi=2, median_cpi=4, fpcpi=1, fpcpi_m_fe=0->",0
226,"date=10/1/2002, spcpi=4, spcpi_m_s=3, spcpi_m_fe=4, spcpi_m_fes=3, trim_mean_pce=3, sixteenP_trim_mean_cpi=2, median_cpi=3, fpcpi=1, fpcpi_m_fe=0->",0
227,"date=11/1/2002, spcpi=3, spcpi_m_s=3, spcpi_m_fe=4, spcpi_m_fes=3, trim_mean_pce=3, sixteenP_trim_mean_cpi=2, median_cpi=2, fpcpi=2, fpcpi_m_fe=0->",0
228,"date=12/1/2002, spcpi=3, spcpi_m_s=3, spcpi_m_fe=4, spcpi_m_fes=3, trim_mean_pce=3, sixteenP_trim_mean_cpi=2, median_cpi=2, fpcpi=3, fpcpi_m_fe=0->",0
229,"date=1/1/2003, spcpi=3, spcpi_m_s=3, spcpi_m_fe=4, spcpi_m_fes=3, trim_mean_pce=3, sixteenP_trim_mean_cpi=2, median_cpi=2, fpcpi=4, fpcpi_m_fe=0->",0
230,"date=2/1/2003, spcpi=3, spcpi_m_s=3, spcpi_m_fe=3, spcpi_m_fes=3, trim_mean_pce=2, sixteenP_trim_mean_cpi=2, median_cpi=2, fpcpi=5, fpcpi_m_fe=0->",0
231,"date=3/1/2003, spcpi=3, spcpi_m_s=3, spcpi_m_fe=3, spcpi_m_fes=3, trim_mean_pce=2, sixteenP_trim_mean_cpi=2, median_cpi=1, fpcpi=5, fpcpi_m_fe=0->",0
232,"date=4/1/2003, spcpi=2, spcpi_m_s=2, spcpi_m_fe=2, spcpi_m_fes=3, trim_mean_pce=2, sixteenP_trim_mean_cpi=1, median_cpi=0, fpcpi=3, fpcpi_m_fe=0->",0
233,"date=5/1/2003, spcpi=2, spcpi_m_s=2, spcpi_m_fe=2, spcpi_m_fes=2, trim_mean_pce=2, sixteenP_trim_mean_cpi=0, median_cpi=0, fpcpi=2, fpcpi_m_fe=0->",0
234,"date=6/1/2003, spcpi=1, spcpi_m_s=2, spcpi_m_fe=2, spcpi_m_fes=3, trim_mean_pce=1, sixteenP_trim_mean_cpi=1, median_cpi=0, fpcpi=2, fpcpi_m_fe=0->",0
235,"date=7/1/2003, spcpi=1, spcpi_m_s=2, spcpi_m_fe=1, spcpi_m_fes=2, trim_mean_pce=1, sixteenP_trim_mean_cpi=1, median_cpi=0, fpcpi=3, fpcpi_m_fe=0->",0
236,"date=8/1/2003, spcpi=1, spcpi_m_s=2, spcpi_m_fe=1, spcpi_m_fes=2, trim_mean_pce=1, sixteenP_trim_mean_cpi=0, median_cpi=0, fpcpi=4, fpcpi_m_fe=0->",0
237,"date=9/1/2003, spcpi=1, spcpi_m_s=2, spcpi_m_fe=1, spcpi_m_fes=2, trim_mean_pce=1, sixteenP_trim_mean_cpi=0, median_cpi=0, fpcpi=5, fpcpi_m_fe=0->",0
238,"date=10/1/2003, spcpi=1, spcpi_m_s=2, spcpi_m_fe=1, spcpi_m_fes=2, trim_mean_pce=1, sixteenP_trim_mean_cpi=0, median_cpi=0, fpcpi=3, fpcpi_m_fe=0->",0
239,"date=11/1/2003, spcpi=0, spcpi_m_s=1, spcpi_m_fe=1, spcpi_m_fes=1, trim_mean_pce=1, sixteenP_trim_mean_cpi=0, median_cpi=0, fpcpi=3, fpcpi_m_fe=0->",0
240,"date=12/1/2003, spcpi=0, spcpi_m_s=1, spcpi_m_fe=0, spcpi_m_fes=2, trim_mean_pce=1, sixteenP_trim_mean_cpi=0, median_cpi=0, fpcpi=4, fpcpi_m_fe=0->",0
241,"date=1/1/2004, spcpi=0, spcpi_m_s=2, spcpi_m_fe=0, spcpi_m_fes=2, trim_mean_pce=2, sixteenP_trim_mean_cpi=0, median_cpi=0, fpcpi=3, fpcpi_m_fe=0->",0
242,"date=2/1/2004, spcpi=1, spcpi_m_s=2, spcpi_m_fe=1, spcpi_m_fes=2, trim_mean_pce=2, sixteenP_trim_mean_cpi=0, median_cpi=0, fpcpi=2, fpcpi_m_fe=0->",0
243,"date=3/1/2004, spcpi=1, spcpi_m_s=3, spcpi_m_fe=1, spcpi_m_fes=3, trim_mean_pce=2, sixteenP_trim_mean_cpi=0, median_cpi=0, fpcpi=2, fpcpi_m_fe=0->",0
244,"date=4/1/2004, spcpi=2, spcpi_m_s=3, spcpi_m_fe=2, spcpi_m_fes=3, trim_mean_pce=3, sixteenP_trim_mean_cpi=1, median_cpi=0, fpcpi=4, fpcpi_m_fe=1->",1
245,"date=5/1/2004, spcpi=1, spcpi_m_s=3, spcpi_m_fe=1, spcpi_m_fes=3, trim_mean_pce=3, sixteenP_trim_mean_cpi=2, median_cpi=1, fpcpi=6, fpcpi_m_fe=1->",1
246,"date=6/1/2004, spcpi=2, spcpi_m_s=3, spcpi_m_fe=2, spcpi_m_fes=3, trim_mean_pce=4, sixteenP_trim_mean_cpi=2, median_cpi=2, fpcpi=6, fpcpi_m_fe=0->",0
247,"date=7/1/2004, spcpi=2, spcpi_m_s=2, spcpi_m_fe=2, spcpi_m_fes=2, trim_mean_pce=4, sixteenP_trim_mean_cpi=2, median_cpi=1, fpcpi=5, fpcpi_m_fe=0->",0
248,"date=8/1/2004, spcpi=2, spcpi_m_s=2, spcpi_m_fe=2, spcpi_m_fes=2, trim_mean_pce=3, sixteenP_trim_mean_cpi=2, median_cpi=1, fpcpi=5, fpcpi_m_fe=0->",0
249,"date=9/1/2004, spcpi=2, spcpi_m_s=2, spcpi_m_fe=1, spcpi_m_fes=2, trim_mean_pce=3, sixteenP_trim_mean_cpi=2, median_cpi=1, fpcpi=4, fpcpi_m_fe=3->",3
250,"date=10/1/2004, spcpi=2, spcpi_m_s=3, spcpi_m_fe=1, spcpi_m_fes=2, trim_mean_pce=3, sixteenP_trim_mean_cpi=2, median_cpi=2, fpcpi=6, fpcpi_m_fe=4->",4
251,"date=11/1/2004, spcpi=2, spcpi_m_s=3, spcpi_m_fe=2, spcpi_m_fes=3, trim_mean_pce=3, sixteenP_trim_mean_cpi=3, median_cpi=2, fpcpi=6, fpcpi_m_fe=5->",5
252,"date=12/1/2004, spcpi=2, spcpi_m_s=3, spcpi_m_fe=2, spcpi_m_fes=3, trim_mean_pce=4, sixteenP_trim_mean_cpi=3, median_cpi=2, fpcpi=6, fpcpi_m_fe=5->",5
253,"date=1/1/2005, spcpi=2, spcpi_m_s=3, spcpi_m_fe=2, spcpi_m_fes=3, trim_mean_pce=4, sixteenP_trim_mean_cpi=3, median_cpi=2, fpcpi=5, fpcpi_m_fe=5->",5
254,"date=2/1/2005, spcpi=2, spcpi_m_s=2, spcpi_m_fe=2, spcpi_m_fes=2, trim_mean_pce=4, sixteenP_trim_mean_cpi=3, median_cpi=2, fpcpi=6, fpcpi_m_fe=5->",5
255,"date=3/1/2005, spcpi=2, spcpi_m_s=2, spcpi_m_fe=1, spcpi_m_fes=2, trim_mean_pce=4, sixteenP_trim_mean_cpi=3, median_cpi=2, fpcpi=6, fpcpi_m_fe=5->",5
256,"date=4/1/2005, spcpi=2, spcpi_m_s=3, spcpi_m_fe=1, spcpi_m_fes=2, trim_mean_pce=4, sixteenP_trim_mean_cpi=3, median_cpi=2, fpcpi=6, fpcpi_m_fe=5->",5
257,"date=5/1/2005, spcpi=2, spcpi_m_s=3, spcpi_m_fe=2, spcpi_m_fes=3, trim_mean_pce=3, sixteenP_trim_mean_cpi=3, median_cpi=2, fpcpi=5, fpcpi_m_fe=4->",4
258,"date=6/1/2005, spcpi=1, spcpi_m_s=3, spcpi_m_fe=1, spcpi_m_fes=2, trim_mean_pce=3, sixteenP_trim_mean_cpi=2, median_cpi=1, fpcpi=5, fpcpi_m_fe=4->",4
259,"date=7/1/2005, spcpi=2, spcpi_m_s=3, spcpi_m_fe=2, spcpi_m_fes=3, trim_mean_pce=3, sixteenP_trim_mean_cpi=3, median_cpi=2, fpcpi=6, fpcpi_m_fe=4->",4
260,"date=8/1/2005, spcpi=2, spcpi_m_s=3, spcpi_m_fe=2, spcpi_m_fes=3, trim_mean_pce=4, sixteenP_trim_mean_cpi=3, median_cpi=2, fpcpi=7, fpcpi_m_fe=5->",5
261,"date=9/1/2005, spcpi=2, spcpi_m_s=3, spcpi_m_fe=2, spcpi_m_fes=3, trim_mean_pce=4, sixteenP_trim_mean_cpi=4, median_cpi=2, fpcpi=7, fpcpi_m_fe=2->",2
262,"date=10/1/2005, spcpi=2, spcpi_m_s=3, spcpi_m_fe=2, spcpi_m_fes=3, trim_mean_pce=5, sixteenP_trim_mean_cpi=4, median_cpi=3, fpcpi=7, fpcpi_m_fe=3->",3
263,"date=11/1/2005, spcpi=2, spcpi_m_s=3, spcpi_m_fe=2, spcpi_m_fes=3, trim_mean_pce=5, sixteenP_trim_mean_cpi=4, median_cpi=3, fpcpi=7, fpcpi_m_fe=3->",3
264,"date=12/1/2005, spcpi=2, spcpi_m_s=3, spcpi_m_fe=2, spcpi_m_fes=4, trim_mean_pce=4, sixteenP_trim_mean_cpi=3, median_cpi=3, fpcpi=6, fpcpi_m_fe=3->",3
265,"date=1/1/2006, spcpi=2, spcpi_m_s=3, spcpi_m_fe=2, spcpi_m_fes=3, trim_mean_pce=4, sixteenP_trim_mean_cpi=4, median_cpi=3, fpcpi=7, fpcpi_m_fe=3->",3
266,"date=2/1/2006, spcpi=3, spcpi_m_s=4, spcpi_m_fe=3, spcpi_m_fes=4, trim_mean_pce=4, sixteenP_trim_mean_cpi=3, median_cpi=3, fpcpi=7, fpcpi_m_fe=3->",3
267,"date=3/1/2006, spcpi=3, spcpi_m_s=4, spcpi_m_fe=3, spcpi_m_fes=4, trim_mean_pce=4, sixteenP_trim_mean_cpi=3, median_cpi=3, fpcpi=7, fpcpi_m_fe=2->",2
268,"date=4/1/2006, spcpi=3, spcpi_m_s=4, spcpi_m_fe=3, spcpi_m_fes=4, trim_mean_pce=5, sixteenP_trim_mean_cpi=3, median_cpi=3, fpcpi=7, fpcpi_m_fe=3->",3
269,"date=5/1/2006, spcpi=4, spcpi_m_s=4, spcpi_m_fe=4, spcpi_m_fes=3, trim_mean_pce=5, sixteenP_trim_mean_cpi=4, median_cpi=4, fpcpi=7, fpcpi_m_fe=4->",4
270,"date=6/1/2006, spcpi=4, spcpi_m_s=4, spcpi_m_fe=4, spcpi_m_fes=4, trim_mean_pce=5, sixteenP_trim_mean_cpi=4, median_cpi=5, fpcpi=7, fpcpi_m_fe=4->",4
271,"date=7/1/2006, spcpi=4, spcpi_m_s=4, spcpi_m_fe=4, spcpi_m_fes=4, trim_mean_pce=5, sixteenP_trim_mean_cpi=4, median_cpi=5, fpcpi=7, fpcpi_m_fe=4->",4
272,"date=8/1/2006, spcpi=5, spcpi_m_s=4, spcpi_m_fe=5, spcpi_m_fes=4, trim_mean_pce=6, sixteenP_trim_mean_cpi=5, median_cpi=5, fpcpi=7, fpcpi_m_fe=4->",4
273,"date=9/1/2006, spcpi=5, spcpi_m_s=4, spcpi_m_fe=5, spcpi_m_fes=4, trim_mean_pce=5, sixteenP_trim_mean_cpi=4, median_cpi=5, fpcpi=2, fpcpi_m_fe=5->",5
274,"date=10/1/2006, spcpi=5, spcpi_m_s=4, spcpi_m_fe=5, spcpi_m_fes=4, trim_mean_pce=5, sixteenP_trim_mean_cpi=4, median_cpi=5, fpcpi=1, fpcpi_m_fe=3->",3
275,"date=11/1/2006, spcpi=5, spcpi_m_s=3, spcpi_m_fe=4, spcpi_m_fes=3, trim_mean_pce=5, sixteenP_trim_mean_cpi=3, median_cpi=5, fpcpi=1, fpcpi_m_fe=2->",2
276,"date=12/1/2006, spcpi=4, spcpi_m_s=2, spcpi_m_fe=4, spcpi_m_fes=2, trim_mean_pce=5, sixteenP_trim_mean_cpi=4, median_cpi=5, fpcpi=3, fpcpi_m_fe=3->",3
277,"date=1/1/2007, spcpi=5, spcpi_m_s=3, spcpi_m_fe=4, spcpi_m_fes=2, trim_mean_pce=5, sixteenP_trim_mean_cpi=3, median_cpi=5, fpcpi=1, fpcpi_m_fe=2->",2
278,"date=2/1/2007, spcpi=5, spcpi_m_s=3, spcpi_m_fe=5, spcpi_m_fes=3, trim_mean_pce=5, sixteenP_trim_mean_cpi=4, median_cpi=6, fpcpi=3, fpcpi_m_fe=3->",3
279,"date=3/1/2007, spcpi=4, spcpi_m_s=3, spcpi_m_fe=4, spcpi_m_fes=2, trim_mean_pce=5, sixteenP_trim_mean_cpi=4, median_cpi=6, fpcpi=4, fpcpi_m_fe=1->",1
280,"date=4/1/2007, spcpi=4, spcpi_m_s=3, spcpi_m_fe=4, spcpi_m_fes=2, trim_mean_pce=5, sixteenP_trim_mean_cpi=4, median_cpi=5, fpcpi=4, fpcpi_m_fe=1->",1
281,"date=5/1/2007, spcpi=4, spcpi_m_s=2, spcpi_m_fe=4, spcpi_m_fes=2, trim_mean_pce=5, sixteenP_trim_mean_cpi=4, median_cpi=5, fpcpi=5, fpcpi_m_fe=1->",1
282,"date=6/1/2007, spcpi=3, spcpi_m_s=2, spcpi_m_fe=3, spcpi_m_fes=2, trim_mean_pce=4, sixteenP_trim_mean_cpi=4, median_cpi=5, fpcpi=5, fpcpi_m_fe=1->",1
283,"date=7/1/2007, spcpi=3, spcpi_m_s=2, spcpi_m_fe=3, spcpi_m_fes=2, trim_mean_pce=4, sixteenP_trim_mean_cpi=4, median_cpi=5, fpcpi=3, fpcpi_m_fe=2->",2
284,"date=8/1/2007, spcpi=3, spcpi_m_s=2, spcpi_m_fe=2, spcpi_m_fes=1, trim_mean_pce=4, sixteenP_trim_mean_cpi=3, median_cpi=4, fpcpi=2, fpcpi_m_fe=2->",2
285,"date=9/1/2007, spcpi=3, spcpi_m_s=3, spcpi_m_fe=2, spcpi_m_fes=2, trim_mean_pce=4, sixteenP_trim_mean_cpi=3, median_cpi=5, fpcpi=5, fpcpi_m_fe=2->",2
286,"date=10/1/2007, spcpi=3, spcpi_m_s=3, spcpi_m_fe=3, spcpi_m_fes=2, trim_mean_pce=5, sixteenP_trim_mean_cpi=4, median_cpi=5, fpcpi=6, fpcpi_m_fe=2->",2
287,"date=11/1/2007, spcpi=4, spcpi_m_s=4, spcpi_m_fe=3, spcpi_m_fes=3, trim_mean_pce=5, sixteenP_trim_mean_cpi=5, median_cpi=5, fpcpi=7, fpcpi_m_fe=3->",3
288,"date=12/1/2007, spcpi=4, spcpi_m_s=4, spcpi_m_fe=3, spcpi_m_fes=4, trim_mean_pce=5, sixteenP_trim_mean_cpi=5, median_cpi=5, fpcpi=7, fpcpi_m_fe=4->",4
289,"date=1/1/2008, spcpi=4, spcpi_m_s=4, spcpi_m_fe=4, spcpi_m_fes=4, trim_mean_pce=5, sixteenP_trim_mean_cpi=5, median_cpi=5, fpcpi=7, fpcpi_m_fe=4->",4
290,"date=2/1/2008, spcpi=3, spcpi_m_s=4, spcpi_m_fe=3, spcpi_m_fes=4, trim_mean_pce=4, sixteenP_trim_mean_cpi=5, median_cpi=4, fpcpi=7, fpcpi_m_fe=3->",3
291,"date=3/1/2008, spcpi=4, spcpi_m_s=4, spcpi_m_fe=3, spcpi_m_fes=4, trim_mean_pce=5, sixteenP_trim_mean_cpi=5, median_cpi=4, fpcpi=7, fpcpi_m_fe=4->",4
292,"date=4/1/2008, spcpi=4, spcpi_m_s=4, spcpi_m_fe=3, spcpi_m_fes=4, trim_mean_pce=5, sixteenP_trim_mean_cpi=5, median_cpi=4, fpcpi=6, fpcpi_m_fe=2->",2
293,"date=5/1/2008, spcpi=4, spcpi_m_s=5, spcpi_m_fe=4, spcpi_m_fes=4, trim_mean_pce=5, sixteenP_trim_mean_cpi=5, median_cpi=4, fpcpi=7, fpcpi_m_fe=2->",2
294,"date=6/1/2008, spcpi=4, spcpi_m_s=5, spcpi_m_fe=4, spcpi_m_fes=5, trim_mean_pce=5, sixteenP_trim_mean_cpi=6, median_cpi=5, fpcpi=7, fpcpi_m_fe=1->",1
295,"date=7/1/2008, spcpi=5, spcpi_m_s=5, spcpi_m_fe=4, spcpi_m_fes=5, trim_mean_pce=5, sixteenP_trim_mean_cpi=6, median_cpi=5, fpcpi=7, fpcpi_m_fe=1->",1
296,"date=8/1/2008, spcpi=5, spcpi_m_s=5, spcpi_m_fe=4, spcpi_m_fes=5, trim_mean_pce=5, sixteenP_trim_mean_cpi=6, median_cpi=5, fpcpi=7, fpcpi_m_fe=1->",1
297,"date=9/1/2008, spcpi=5, spcpi_m_s=5, spcpi_m_fe=4, spcpi_m_fes=5, trim_mean_pce=5, sixteenP_trim_mean_cpi=6, median_cpi=5, fpcpi=7, fpcpi_m_fe=0->",0
298,"date=10/1/2008, spcpi=4, spcpi_m_s=5, spcpi_m_fe=4, spcpi_m_fes=5, trim_mean_pce=4, sixteenP_trim_mean_cpi=5, median_cpi=5, fpcpi=6, fpcpi_m_fe=0->",0
299,"date=11/1/2008, spcpi=4, spcpi_m_s=5, spcpi_m_fe=4, spcpi_m_fes=5, trim_mean_pce=4, sixteenP_trim_mean_cpi=5, median_cpi=4, fpcpi=1, fpcpi_m_fe=0->",0
300,"date=12/1/2008, spcpi=4, spcpi_m_s=5, spcpi_m_fe=3, spcpi_m_fes=4, trim_mean_pce=3, sixteenP_trim_mean_cpi=4, median_cpi=3, fpcpi=0, fpcpi_m_fe=0->",0
301,"date=1/1/2009, spcpi=3, spcpi_m_s=5, spcpi_m_fe=3, spcpi_m_fes=4, trim_mean_pce=3, sixteenP_trim_mean_cpi=4, median_cpi=3, fpcpi=0, fpcpi_m_fe=0->",0
302,"date=2/1/2009, spcpi=3, spcpi_m_s=5, spcpi_m_fe=3, spcpi_m_fes=4, trim_mean_pce=3, sixteenP_trim_mean_cpi=3, median_cpi=2, fpcpi=0, fpcpi_m_fe=0->",0
303,"date=3/1/2009, spcpi=3, spcpi_m_s=4, spcpi_m_fe=2, spcpi_m_fes=4, trim_mean_pce=3, sixteenP_trim_mean_cpi=3, median_cpi=2, fpcpi=0, fpcpi_m_fe=0->",0
304,"date=4/1/2009, spcpi=3, spcpi_m_s=4, spcpi_m_fe=2, spcpi_m_fes=4, trim_mean_pce=3, sixteenP_trim_mean_cpi=2, median_cpi=2, fpcpi=0, fpcpi_m_fe=1->",1
305,"date=5/1/2009, spcpi=2, spcpi_m_s=4, spcpi_m_fe=2, spcpi_m_fes=3, trim_mean_pce=2, sixteenP_trim_mean_cpi=1, median_cpi=1, fpcpi=0, fpcpi_m_fe=1->",1
306,"date=6/1/2009, spcpi=1, spcpi_m_s=3, spcpi_m_fe=1, spcpi_m_fes=2, trim_mean_pce=2, sixteenP_trim_mean_cpi=0, median_cpi=0, fpcpi=0, fpcpi_m_fe=1->",1
307,"date=7/1/2009, spcpi=0, spcpi_m_s=2, spcpi_m_fe=0, spcpi_m_fes=2, trim_mean_pce=0, sixteenP_trim_mean_cpi=0, median_cpi=0, fpcpi=0, fpcpi_m_fe=1->",1
308,"date=8/1/2009, spcpi=0, spcpi_m_s=2, spcpi_m_fe=0, spcpi_m_fes=1, trim_mean_pce=0, sixteenP_trim_mean_cpi=0, median_cpi=0, fpcpi=0, fpcpi_m_fe=1->",1
309,"date=9/1/2009, spcpi=0, spcpi_m_s=2, spcpi_m_fe=0, spcpi_m_fes=1, trim_mean_pce=0, sixteenP_trim_mean_cpi=0, median_cpi=0, fpcpi=0, fpcpi_m_fe=3->",3
310,"date=10/1/2009, spcpi=0, spcpi_m_s=1, spcpi_m_fe=0, spcpi_m_fes=1, trim_mean_pce=0, sixteenP_trim_mean_cpi=0, median_cpi=0, fpcpi=0, fpcpi_m_fe=5->",5
311,"date=11/1/2009, spcpi=0, spcpi_m_s=1, spcpi_m_fe=0, spcpi_m_fes=2, trim_mean_pce=0, sixteenP_trim_mean_cpi=0, median_cpi=0, fpcpi=5, fpcpi_m_fe=6->",6
312,"date=12/1/2009, spcpi=0, spcpi_m_s=1, spcpi_m_fe=0, spcpi_m_fes=2, trim_mean_pce=0, sixteenP_trim_mean_cpi=0, median_cpi=0, fpcpi=7, fpcpi_m_fe=7->",7
313,"date=1/1/2010, spcpi=0, spcpi_m_s=1, spcpi_m_fe=0, spcpi_m_fes=2, trim_mean_pce=0, sixteenP_trim_mean_cpi=0, median_cpi=0, fpcpi=7, fpcpi_m_fe=7->",7
314,"date=2/1/2010, spcpi=0, spcpi_m_s=1, spcpi_m_fe=0, spcpi_m_fes=1, trim_mean_pce=0, sixteenP_trim_mean_cpi=0, median_cpi=0, fpcpi=6, fpcpi_m_fe=6->",6
315,"date=3/1/2010, spcpi=0, spcpi_m_s=1, spcpi_m_fe=0, spcpi_m_fes=1, trim_mean_pce=0, sixteenP_trim_mean_cpi=0, median_cpi=0, fpcpi=7, fpcpi_m_fe=6->",6
316,"date=4/1/2010, spcpi=0, spcpi_m_s=1, spcpi_m_fe=0, spcpi_m_fes=1, trim_mean_pce=0, sixteenP_trim_mean_cpi=0, median_cpi=0, fpcpi=6, fpcpi_m_fe=5->",5
317,"date=5/1/2010, spcpi=0, spcpi_m_s=1, spcpi_m_fe=0, spcpi_m_fes=1, trim_mean_pce=0, sixteenP_trim_mean_cpi=0, median_cpi=0, fpcpi=6, fpcpi_m_fe=5->",5
318,"date=6/1/2010, spcpi=0, spcpi_m_s=0, spcpi_m_fe=0, spcpi_m_fes=1, trim_mean_pce=0, sixteenP_trim_mean_cpi=0, median_cpi=0, fpcpi=3, fpcpi_m_fe=5->",5
319,"date=7/1/2010, spcpi=0, spcpi_m_s=0, spcpi_m_fe=0, spcpi_m_fes=1, trim_mean_pce=0, sixteenP_trim_mean_cpi=0, median_cpi=0, fpcpi=4, fpcpi_m_fe=5->",5
320,"date=8/1/2010, spcpi=0, spcpi_m_s=0, spcpi_m_fe=0, spcpi_m_fes=1, trim_mean_pce=0, sixteenP_trim_mean_cpi=0, median_cpi=0, fpcpi=4, fpcpi_m_fe=5->",5
321,"date=9/1/2010, spcpi=0, spcpi_m_s=0, spcpi_m_fe=0, spcpi_m_fes=0, trim_mean_pce=0, sixteenP_trim_mean_cpi=0, median_cpi=0, fpcpi=4, fpcpi_m_fe=5->",5
322,"date=10/1/2010, spcpi=0, spcpi_m_s=0, spcpi_m_fe=0, spcpi_m_fes=0, trim_mean_pce=0, sixteenP_trim_mean_cpi=0, median_cpi=0, fpcpi=4, fpcpi_m_fe=4->",4
323,"date=11/1/2010, spcpi=0, spcpi_m_s=0, spcpi_m_fe=0, spcpi_m_fes=0, trim_mean_pce=0, sixteenP_trim_mean_cpi=0, median_cpi=0, fpcpi=3, fpcpi_m_fe=3->",3
324,"date=12/1/2010, spcpi=0, spcpi_m_s=0, spcpi_m_fe=0, spcpi_m_fes=0, trim_mean_pce=0, sixteenP_trim_mean_cpi=0, median_cpi=0, fpcpi=5, fpcpi_m_fe=3->",3
325,"date=1/1/2011, spcpi=0, spcpi_m_s=0, spcpi_m_fe=0, spcpi_m_fes=0, trim_mean_pce=0, sixteenP_trim_mean_cpi=0, median_cpi=0, fpcpi=5, fpcpi_m_fe=3->",3
326,"date=2/1/2011, spcpi=0, spcpi_m_s=0, spcpi_m_fe=0, spcpi_m_fes=1, trim_mean_pce=0, sixteenP_trim_mean_cpi=0, median_cpi=0, fpcpi=5, fpcpi_m_fe=3->",3
327,"date=3/1/2011, spcpi=0, spcpi_m_s=0, spcpi_m_fe=0, spcpi_m_fes=1, trim_mean_pce=0, sixteenP_trim_mean_cpi=0, median_cpi=0, fpcpi=6, fpcpi_m_fe=4->",4
328,"date=4/1/2011, spcpi=0, spcpi_m_s=0, spcpi_m_fe=0, spcpi_m_fes=0, trim_mean_pce=0, sixteenP_trim_mean_cpi=0, median_cpi=0, fpcpi=7, fpcpi_m_fe=4->",4
329,"date=5/1/2011, spcpi=0, spcpi_m_s=0, spcpi_m_fe=0, spcpi_m_fes=0, trim_mean_pce=0, sixteenP_trim_mean_cpi=1, median_cpi=0, fpcpi=7, fpcpi_m_fe=5->",5
330,"date=6/1/2011, spcpi=0, spcpi_m_s=0, spcpi_m_fe=0, spcpi_m_fes=0, trim_mean_pce=0, sixteenP_trim_mean_cpi=2, median_cpi=0, fpcpi=7, fpcpi_m_fe=6->",6
331,"date=7/1/2011, spcpi=0, spcpi_m_s=1, spcpi_m_fe=0, spcpi_m_fes=1, trim_mean_pce=1, sixteenP_trim_mean_cpi=2, median_cpi=0, fpcpi=7, fpcpi_m_fe=6->",6
332,"date=8/1/2011, spcpi=0, spcpi_m_s=1, spcpi_m_fe=0, spcpi_m_fes=1, trim_mean_pce=1, sixteenP_trim_mean_cpi=3, median_cpi=0, fpcpi=7, fpcpi_m_fe=6->",6
333,"date=9/1/2011, spcpi=0, spcpi_m_s=2, spcpi_m_fe=0, spcpi_m_fes=1, trim_mean_pce=2, sixteenP_trim_mean_cpi=3, median_cpi=0, fpcpi=7, fpcpi_m_fe=6->",6
334,"date=10/1/2011, spcpi=0, spcpi_m_s=2, spcpi_m_fe=0, spcpi_m_fes=2, trim_mean_pce=2, sixteenP_trim_mean_cpi=3, median_cpi=1, fpcpi=7, fpcpi_m_fe=6->",6
335,"date=11/1/2011, spcpi=0, spcpi_m_s=2, spcpi_m_fe=0, spcpi_m_fes=2, trim_mean_pce=2, sixteenP_trim_mean_cpi=4, median_cpi=1, fpcpi=7, fpcpi_m_fe=6->",6
336,"date=12/1/2011, spcpi=1, spcpi_m_s=3, spcpi_m_fe=1, spcpi_m_fes=3, trim_mean_pce=3, sixteenP_trim_mean_cpi=4, median_cpi=1, fpcpi=6, fpcpi_m_fe=6->",6
337,"date=1/1/2012, spcpi=1, spcpi_m_s=3, spcpi_m_fe=1, spcpi_m_fes=3, trim_mean_pce=3, sixteenP_trim_mean_cpi=4, median_cpi=2, fpcpi=6, fpcpi_m_fe=6->",6
338,"date=2/1/2012, spcpi=1, spcpi_m_s=2, spcpi_m_fe=0, spcpi_m_fes=2, trim_mean_pce=3, sixteenP_trim_mean_cpi=3, median_cpi=1, fpcpi=6, fpcpi_m_fe=5->",5
339,"date=3/1/2012, spcpi=1, spcpi_m_s=3, spcpi_m_fe=1, spcpi_m_fes=3, trim_mean_pce=3, sixteenP_trim_mean_cpi=3, median_cpi=1, fpcpi=5, fpcpi_m_fe=5->",5
340,"date=4/1/2012, spcpi=1, spcpi_m_s=3, spcpi_m_fe=1, spcpi_m_fes=3, trim_mean_pce=2, sixteenP_trim_mean_cpi=3, median_cpi=1, fpcpi=3, fpcpi_m_fe=6->",6
341,"date=5/1/2012, spcpi=1, spcpi_m_s=2, spcpi_m_fe=1, spcpi_m_fes=3, trim_mean_pce=2, sixteenP_trim_mean_cpi=2, median_cpi=1, fpcpi=1, fpcpi_m_fe=5->",5
342,"date=6/1/2012, spcpi=1, spcpi_m_s=3, spcpi_m_fe=1, spcpi_m_fes=3, trim_mean_pce=2, sixteenP_trim_mean_cpi=2, median_cpi=1, fpcpi=1, fpcpi_m_fe=5->",5
343,"date=7/1/2012, spcpi=2, spcpi_m_s=3, spcpi_m_fe=2, spcpi_m_fes=3, trim_mean_pce=2, sixteenP_trim_mean_cpi=1, median_cpi=1, fpcpi=1, fpcpi_m_fe=4->",4
344,"date=8/1/2012, spcpi=1, spcpi_m_s=3, spcpi_m_fe=1, spcpi_m_fes=3, trim_mean_pce=1, sixteenP_trim_mean_cpi=1, median_cpi=1, fpcpi=1, fpcpi_m_fe=3->",3
345,"date=9/1/2012, spcpi=1, spcpi_m_s=3, spcpi_m_fe=1, spcpi_m_fes=3, trim_mean_pce=1, sixteenP_trim_mean_cpi=1, median_cpi=1, fpcpi=2, fpcpi_m_fe=3->",3
346,"date=10/1/2012, spcpi=1, spcpi_m_s=2, spcpi_m_fe=1, spcpi_m_fes=3, trim_mean_pce=1, sixteenP_trim_mean_cpi=1, median_cpi=1, fpcpi=3, fpcpi_m_fe=3->",3
347,"date=11/1/2012, spcpi=1, spcpi_m_s=2, spcpi_m_fe=1, spcpi_m_fes=3, trim_mean_pce=1, sixteenP_trim_mean_cpi=1, median_cpi=1, fpcpi=2, fpcpi_m_fe=2->",2
348,"date=12/1/2012, spcpi=1, spcpi_m_s=2, spcpi_m_fe=1, spcpi_m_fes=2, trim_mean_pce=0, sixteenP_trim_mean_cpi=1, median_cpi=1, fpcpi=2, fpcpi_m_fe=3->",3
349,"date=1/1/2013, spcpi=1, spcpi_m_s=2, spcpi_m_fe=1, spcpi_m_fes=2, trim_mean_pce=0, sixteenP_trim_mean_cpi=1, median_cpi=0, fpcpi=2, fpcpi_m_fe=4->",4
350,"date=2/1/2013, spcpi=1, spcpi_m_s=2, spcpi_m_fe=1, spcpi_m_fes=2, trim_mean_pce=0, sixteenP_trim_mean_cpi=1, median_cpi=1, fpcpi=3, fpcpi_m_fe=4->",4
351,"date=3/1/2013, spcpi=1, spcpi_m_s=2, spcpi_m_fe=1, spcpi_m_fes=2, trim_mean_pce=0, sixteenP_trim_mean_cpi=0, median_cpi=0, fpcpi=1, fpcpi_m_fe=2->",2
352,"date=4/1/2013, spcpi=0, spcpi_m_s=1, spcpi_m_fe=0, spcpi_m_fes=1, trim_mean_pce=0, sixteenP_trim_mean_cpi=0, median_cpi=0, fpcpi=1, fpcpi_m_fe=2->",2
353,"date=5/1/2013, spcpi=0, spcpi_m_s=1, spcpi_m_fe=0, spcpi_m_fes=1, trim_mean_pce=0, sixteenP_trim_mean_cpi=0, median_cpi=0, fpcpi=1, fpcpi_m_fe=1->",1
354,"date=6/1/2013, spcpi=0, spcpi_m_s=0, spcpi_m_fe=0, spcpi_m_fes=0, trim_mean_pce=0, sixteenP_trim_mean_cpi=0, median_cpi=0, fpcpi=2, fpcpi_m_fe=1->",1
355,"date=7/1/2013, spcpi=0, spcpi_m_s=0, spcpi_m_fe=0, spcpi_m_fes=0, trim_mean_pce=0, sixteenP_trim_mean_cpi=0, median_cpi=0, fpcpi=3, fpcpi_m_fe=3->",3
356,"date=8/1/2013, spcpi=0, spcpi_m_s=0, spcpi_m_fe=0, spcpi_m_fes=0, trim_mean_pce=0, sixteenP_trim_mean_cpi=0, median_cpi=0, fpcpi=2, fpcpi_m_fe=3->",3
357,"date=9/1/2013, spcpi=0, spcpi_m_s=0, spcpi_m_fe=0, spcpi_m_fes=0, trim_mean_pce=0, sixteenP_trim_mean_cpi=0, median_cpi=0, fpcpi=1, fpcpi_m_fe=3->",3
358,"date=10/1/2013, spcpi=0, spcpi_m_s=0, spcpi_m_fe=0, spcpi_m_fes=0, trim_mean_pce=0, sixteenP_trim_mean_cpi=0, median_cpi=0, fpcpi=0, fpcpi_m_fe=2->",2
359,"date=11/1/2013, spcpi=0, spcpi_m_s=0, spcpi_m_fe=0, spcpi_m_fes=0, trim_mean_pce=0, sixteenP_trim_mean_cpi=0, median_cpi=0, fpcpi=1, fpcpi_m_fe=3->",3
360,"date=12/1/2013, spcpi=0, spcpi_m_s=0, spcpi_m_fe=0, spcpi_m_fes=0, trim_mean_pce=1, sixteenP_trim_mean_cpi=0, median_cpi=1, fpcpi=2, fpcpi_m_fe=3->",3
361,"date=1/1/2014, spcpi=0, spcpi_m_s=0, spcpi_m_fe=0, spcpi_m_fes=0, trim_mean_pce=0, sixteenP_trim_mean_cpi=0, median_cpi=0, fpcpi=2, fpcpi_m_fe=2->",2
362,"date=2/1/2014, spcpi=0, spcpi_m_s=0, spcpi_m_fe=0, spcpi_m_fes=0, trim_mean_pce=0, sixteenP_trim_mean_cpi=0, median_cpi=0, fpcpi=1, fpcpi_m_fe=1->",1
363,"date=3/1/2014, spcpi=0, spcpi_m_s=0, spcpi_m_fe=0, spcpi_m_fes=0, trim_mean_pce=0, sixteenP_trim_mean_cpi=1, median_cpi=1, fpcpi=2, fpcpi_m_fe=2->",2
364,"date=4/1/2014, spcpi=0, spcpi_m_s=0, spcpi_m_fe=0, spcpi_m_fes=0, trim_mean_pce=1, sixteenP_trim_mean_cpi=1, median_cpi=1, fpcpi=3, fpcpi_m_fe=2->",2
365,"date=5/1/2014, spcpi=1, spcpi_m_s=1, spcpi_m_fe=1, spcpi_m_fes=1, trim_mean_pce=2, sixteenP_trim_mean_cpi=2, median_cpi=1, fpcpi=3, fpcpi_m_fe=3->",3
366,"date=6/1/2014, spcpi=1, spcpi_m_s=1, spcpi_m_fe=1, spcpi_m_fes=1, trim_mean_pce=1, sixteenP_trim_mean_cpi=1, median_cpi=1, fpcpi=3, fpcpi_m_fe=2->",2
367,"date=7/1/2014, spcpi=1, spcpi_m_s=0, spcpi_m_fe=1, spcpi_m_fes=0, trim_mean_pce=1, sixteenP_trim_mean_cpi=2, median_cpi=1, fpcpi=3, fpcpi_m_fe=2->",2
368,"date=8/1/2014, spcpi=0, spcpi_m_s=0, spcpi_m_fe=0, spcpi_m_fes=0, trim_mean_pce=1, sixteenP_trim_mean_cpi=1, median_cpi=1, fpcpi=2, fpcpi_m_fe=2->",2
369,"date=9/1/2014, spcpi=0, spcpi_m_s=0, spcpi_m_fe=0, spcpi_m_fes=0, trim_mean_pce=1, sixteenP_trim_mean_cpi=1, median_cpi=1, fpcpi=2, fpcpi_m_fe=2->",2
370,"date=10/1/2014, spcpi=0, spcpi_m_s=0, spcpi_m_fe=0, spcpi_m_fes=0, trim_mean_pce=1, sixteenP_trim_mean_cpi=1, median_cpi=1, fpcpi=1, fpcpi_m_fe=3->",3
371,"date=11/1/2014, spcpi=0, spcpi_m_s=0, spcpi_m_fe=0, spcpi_m_fes=0, trim_mean_pce=1, sixteenP_trim_mean_cpi=1, median_cpi=1, fpcpi=1, fpcpi_m_fe=1->",1
372,"date=12/1/2014, spcpi=0, spcpi_m_s=0, spcpi_m_fe=0, spcpi_m_fes=0, trim_mean_pce=1, sixteenP_trim_mean_cpi=1, median_cpi=1, fpcpi=0, fpcpi_m_fe=0->",0
373,"date=1/1/2015, spcpi=0, spcpi_m_s=0, spcpi_m_fe=0, spcpi_m_fes=0, trim_mean_pce=0, sixteenP_trim_mean_cpi=0, median_cpi=1, fpcpi=0, fpcpi_m_fe=0->",0
374,"date=2/1/2015, spcpi=0, spcpi_m_s=0, spcpi_m_fe=0, spcpi_m_fes=0, trim_mean_pce=0, sixteenP_trim_mean_cpi=0, median_cpi=1, fpcpi=0, fpcpi_m_fe=1->",1
375,"date=3/1/2015, spcpi=0, spcpi_m_s=0, spcpi_m_fe=0, spcpi_m_fes=0, trim_mean_pce=0, sixteenP_trim_mean_cpi=0, median_cpi=1, fpcpi=0, fpcpi_m_fe=2->",2
376,"date=4/1/2015, spcpi=1, spcpi_m_s=0, spcpi_m_fe=1, spcpi_m_fes=0, trim_mean_pce=0, sixteenP_trim_mean_cpi=0, median_cpi=1, fpcpi=0, fpcpi_m_fe=2->",2
377,"date=5/1/2015, spcpi=1, spcpi_m_s=0, spcpi_m_fe=1, spcpi_m_fes=0, trim_mean_pce=0, sixteenP_trim_mean_cpi=0, median_cpi=1, fpcpi=0, fpcpi_m_fe=1->",1
378,"date=6/1/2015, spcpi=1, spcpi_m_s=0, spcpi_m_fe=1, spcpi_m_fes=0, trim_mean_pce=0, sixteenP_trim_mean_cpi=0, median_cpi=1, fpcpi=0, fpcpi_m_fe=1->",1
379,"date=7/1/2015, spcpi=1, spcpi_m_s=0, spcpi_m_fe=1, spcpi_m_fes=0, trim_mean_pce=0, sixteenP_trim_mean_cpi=0, median_cpi=1, fpcpi=0, fpcpi_m_fe=1->",1
380,"date=8/1/2015, spcpi=1, spcpi_m_s=0, spcpi_m_fe=1, spcpi_m_fes=0, trim_mean_pce=0, sixteenP_trim_mean_cpi=0, median_cpi=1, fpcpi=0, fpcpi_m_fe=1->",1
381,"date=9/1/2015, spcpi=1, spcpi_m_s=0, spcpi_m_fe=2, spcpi_m_fes=0, trim_mean_pce=0, sixteenP_trim_mean_cpi=0, median_cpi=2, fpcpi=0, fpcpi_m_fe=1->",1
382,"date=10/1/2015, spcpi=2, spcpi_m_s=1, spcpi_m_fe=2, spcpi_m_fes=1, trim_mean_pce=0, sixteenP_trim_mean_cpi=0, median_cpi=1, fpcpi=0, fpcpi_m_fe=0->",0
383,"date=11/1/2015, spcpi=2, spcpi_m_s=1, spcpi_m_fe=2, spcpi_m_fes=1, trim_mean_pce=0, sixteenP_trim_mean_cpi=1, median_cpi=1, fpcpi=0, fpcpi_m_fe=1->",1
384,"date=12/1/2015, spcpi=2, spcpi_m_s=1, spcpi_m_fe=2, spcpi_m_fes=1, trim_mean_pce=0, sixteenP_trim_mean_cpi=0, median_cpi=1, fpcpi=0, fpcpi_m_fe=1->",1
385,"date=1/1/2016, spcpi=2, spcpi_m_s=1, spcpi_m_fe=2, spcpi_m_fes=1, trim_mean_pce=0, sixteenP_trim_mean_cpi=1, median_cpi=2, fpcpi=0, fpcpi_m_fe=1->",1
386,"date=2/1/2016, spcpi=3, spcpi_m_s=2, spcpi_m_fe=3, spcpi_m_fes=2, trim_mean_pce=0, sixteenP_trim_mean_cpi=1, median_cpi=2, fpcpi=0, fpcpi_m_fe=2->",2
387,"date=3/1/2016, spcpi=2, spcpi_m_s=2, spcpi_m_fe=3, spcpi_m_fes=2, trim_mean_pce=0, sixteenP_trim_mean_cpi=1, median_cpi=2, fpcpi=0, fpcpi_m_fe=1->",1
388,"date=4/1/2016, spcpi=3, spcpi_m_s=2, spcpi_m_fe=3, spcpi_m_fes=2, trim_mean_pce=1, sixteenP_trim_mean_cpi=1, median_cpi=2, fpcpi=0, fpcpi_m_fe=1->",1
389,"date=5/1/2016, spcpi=3, spcpi_m_s=1, spcpi_m_fe=3, spcpi_m_fes=1, trim_mean_pce=1, sixteenP_trim_mean_cpi=1, median_cpi=2, fpcpi=0, fpcpi_m_fe=2->",2
390,"date=6/1/2016, spcpi=3, spcpi_m_s=1, spcpi_m_fe=3, spcpi_m_fes=2, trim_mean_pce=1, sixteenP_trim_mean_cpi=1, median_cpi=2, fpcpi=0, fpcpi_m_fe=2->",2
391,"date=7/1/2016, spcpi=3, spcpi_m_s=2, spcpi_m_fe=3, spcpi_m_fes=2, trim_mean_pce=1, sixteenP_trim_mean_cpi=1, median_cpi=2, fpcpi=0, fpcpi_m_fe=1->",1
392,"date=8/1/2016, spcpi=3, spcpi_m_s=2, spcpi_m_fe=3, spcpi_m_fes=3, trim_mean_pce=1, sixteenP_trim_mean_cpi=1, median_cpi=2, fpcpi=0, fpcpi_m_fe=1->",1
393,"date=9/1/2016, spcpi=3, spcpi_m_s=2, spcpi_m_fe=3, spcpi_m_fes=2, trim_mean_pce=1, sixteenP_trim_mean_cpi=1, median_cpi=2, fpcpi=1, fpcpi_m_fe=1->",1
394,"date=10/1/2016, spcpi=2, spcpi_m_s=1, spcpi_m_fe=3, spcpi_m_fes=1, trim_mean_pce=2, sixteenP_trim_mean_cpi=1, median_cpi=2, fpcpi=1, fpcpi_m_fe=2->",2
395,"date=11/1/2016, spcpi=2, spcpi_m_s=0, spcpi_m_fe=3, spcpi_m_fes=1, trim_mean_pce=2, sixteenP_trim_mean_cpi=2, median_cpi=2, fpcpi=1, fpcpi_m_fe=1->",1
396,"date=12/1/2016, spcpi=3, spcpi_m_s=1, spcpi_m_fe=3, spcpi_m_fes=1, trim_mean_pce=2, sixteenP_trim_mean_cpi=2, median_cpi=2, fpcpi=2, fpcpi_m_fe=1->",1
397,"date=1/1/2017, spcpi=3, spcpi_m_s=1, spcpi_m_fe=3, spcpi_m_fes=1, trim_mean_pce=3, sixteenP_trim_mean_cpi=3, median_cpi=3, fpcpi=4, fpcpi_m_fe=1->",1
398,"date=2/1/2017, spcpi=3, spcpi_m_s=1, spcpi_m_fe=3, spcpi_m_fes=1, trim_mean_pce=2, sixteenP_trim_mean_cpi=3, median_cpi=3, fpcpi=5, fpcpi_m_fe=1->",1
399,"date=3/1/2017, spcpi=2, spcpi_m_s=0, spcpi_m_fe=2, spcpi_m_fes=0, trim_mean_pce=2, sixteenP_trim_mean_cpi=2, median_cpi=3, fpcpi=4, fpcpi_m_fe=1->",1
400,"date=4/1/2017, spcpi=1, spcpi_m_s=0, spcpi_m_fe=2, spcpi_m_fes=0, trim_mean_pce=2, sixteenP_trim_mean_cpi=2, median_cpi=2, fpcpi=3, fpcpi_m_fe=1->",1
401,"date=5/1/2017, spcpi=1, spcpi_m_s=0, spcpi_m_fe=1, spcpi_m_fes=0, trim_mean_pce=1, sixteenP_trim_mean_cpi=1, median_cpi=2, fpcpi=2, fpcpi_m_fe=0->",0
402,"date=6/1/2017, spcpi=1, spcpi_m_s=0, spcpi_m_fe=1, spcpi_m_fes=0, trim_mean_pce=1, sixteenP_trim_mean_cpi=1, median_cpi=2, fpcpi=1, fpcpi_m_fe=0->",0
403,"date=7/1/2017, spcpi=1, spcpi_m_s=0, spcpi_m_fe=1, spcpi_m_fes=0, trim_mean_pce=1, sixteenP_trim_mean_cpi=1, median_cpi=1, fpcpi=2, fpcpi_m_fe=0->",0
404,"date=8/1/2017, spcpi=1, spcpi_m_s=0, spcpi_m_fe=1, spcpi_m_fes=0, trim_mean_pce=1, sixteenP_trim_mean_cpi=1, median_cpi=1, fpcpi=3, fpcpi_m_fe=0->",0
405,"date=9/1/2017, spcpi=1, spcpi_m_s=0, spcpi_m_fe=1, spcpi_m_fes=0, trim_mean_pce=1, sixteenP_trim_mean_cpi=1, median_cpi=1, fpcpi=4, fpcpi_m_fe=0->",0
406,"date=10/1/2017, spcpi=1, spcpi_m_s=0, spcpi_m_fe=1, spcpi_m_fes=0, trim_mean_pce=1, sixteenP_trim_mean_cpi=1, median_cpi=2, fpcpi=3, fpcpi_m_fe=0->",0
407,"date=11/1/2017, spcpi=1, spcpi_m_s=0, spcpi_m_fe=1, spcpi_m_fes=0, trim_mean_pce=1, sixteenP_trim_mean_cpi=1, median_cpi=2, fpcpi=4, fpcpi_m_fe=0->",0
408,"date=12/1/2017, spcpi=1, spcpi_m_s=0, spcpi_m_fe=1, spcpi_m_fes=0, trim_mean_pce=1, sixteenP_trim_mean_cpi=1, median_cpi=2, fpcpi=3, fpcpi_m_fe=1->",1
409,"date=1/1/2018, spcpi=1, spcpi_m_s=0, spcpi_m_fe=1, spcpi_m_fes=0, trim_mean_pce=1, sixteenP_trim_mean_cpi=1, median_cpi=2, fpcpi=3, fpcpi_m_fe=1->",1
410,"date=2/1/2018, spcpi=1, spcpi_m_s=0, spcpi_m_fe=1, spcpi_m_fes=0, trim_mean_pce=2, sixteenP_trim_mean_cpi=1, median_cpi=2, fpcpi=4, fpcpi_m_fe=1->",1
411,"date=3/1/2018, spcpi=2, spcpi_m_s=0, spcpi_m_fe=2, spcpi_m_fes=0, trim_mean_pce=2, sixteenP_trim_mean_cpi=1, median_cpi=2, fpcpi=3, fpcpi_m_fe=2->",2
412,"date=4/1/2018, spcpi=2, spcpi_m_s=1, spcpi_m_fe=2, spcpi_m_fes=1, trim_mean_pce=2, sixteenP_trim_mean_cpi=2, median_cpi=2, fpcpi=4, fpcpi_m_fe=1->",1
413,"date=5/1/2018, spcpi=3, spcpi_m_s=1, spcpi_m_fe=3, spcpi_m_fes=1, trim_mean_pce=2, sixteenP_trim_mean_cpi=2, median_cpi=2, fpcpi=5, fpcpi_m_fe=2->",2
414,"date=6/1/2018, spcpi=3, spcpi_m_s=1, spcpi_m_fe=3, spcpi_m_fes=1, trim_mean_pce=2, sixteenP_trim_mean_cpi=2, median_cpi=3, fpcpi=5, fpcpi_m_fe=2->",2
415,"date=7/1/2018, spcpi=2, spcpi_m_s=1, spcpi_m_fe=3, spcpi_m_fes=1, trim_mean_pce=3, sixteenP_trim_mean_cpi=2, median_cpi=3, fpcpi=5, fpcpi_m_fe=3->",3
416,"date=8/1/2018, spcpi=2, spcpi_m_s=1, spcpi_m_fe=2, spcpi_m_fes=1, trim_mean_pce=2, sixteenP_trim_mean_cpi=2, median_cpi=3, fpcpi=5, fpcpi_m_fe=1->",1
417,"date=9/1/2018, spcpi=2, spcpi_m_s=1, spcpi_m_fe=2, spcpi_m_fes=1, trim_mean_pce=3, sixteenP_trim_mean_cpi=2, median_cpi=2, fpcpi=3, fpcpi_m_fe=2->",2
418,"date=10/1/2018, spcpi=2, spcpi_m_s=1, spcpi_m_fe=2, spcpi_m_fes=1, trim_mean_pce=2, sixteenP_trim_mean_cpi=2, median_cpi=3, fpcpi=4, fpcpi_m_fe=2->",2
419,"date=11/1/2018, spcpi=2, spcpi_m_s=1, spcpi_m_fe=2, spcpi_m_fes=1, trim_mean_pce=3, sixteenP_trim_mean_cpi=3, median_cpi=3, fpcpi=2, fpcpi_m_fe=2->",2
420,"date=12/1/2018, spcpi=2, spcpi_m_s=1, spcpi_m_fe=2, spcpi_m_fes=1, trim_mean_pce=3, sixteenP_trim_mean_cpi=3, median_cpi=3, fpcpi=2, fpcpi_m_fe=3->",3
421,"date=1/1/2019, spcpi=2, spcpi_m_s=1, spcpi_m_fe=2, spcpi_m_fes=1, trim_mean_pce=2, sixteenP_trim_mean_cpi=2, median_cpi=3, fpcpi=1, fpcpi_m_fe=3->",3
422,"date=2/1/2019, spcpi=2, spcpi_m_s=1, spcpi_m_fe=2, spcpi_m_fes=1, trim_mean_pce=2, sixteenP_trim_mean_cpi=2, median_cpi=3, fpcpi=1, fpcpi_m_fe=2->",2
423,"date=3/1/2019, spcpi=2, spcpi_m_s=1, spcpi_m_fe=2, spcpi_m_fes=1, trim_mean_pce=2, sixteenP_trim_mean_cpi=3, median_cpi=4, fpcpi=1, fpcpi_m_fe=1->",1
424,"date=4/1/2019, spcpi=2, spcpi_m_s=1, spcpi_m_fe=2, spcpi_m_fes=0, trim_mean_pce=3, sixteenP_trim_mean_cpi=3, median_cpi=3, fpcpi=2, fpcpi_m_fe=2->",2
425,"date=5/1/2019, spcpi=2, spcpi_m_s=1, spcpi_m_fe=2, spcpi_m_fes=0, trim_mean_pce=3, sixteenP_trim_mean_cpi=2, median_cpi=3, fpcpi=1, fpcpi_m_fe=1->",1
426,"date=6/1/2019, spcpi=2, spcpi_m_s=1, spcpi_m_fe=2, spcpi_m_fes=0, trim_mean_pce=2, sixteenP_trim_mean_cpi=2, median_cpi=4, fpcpi=1, fpcpi_m_fe=2->",2
427,"date=7/1/2019, spcpi=2, spcpi_m_s=1, spcpi_m_fe=2, spcpi_m_fes=1, trim_mean_pce=3, sixteenP_trim_mean_cpi=3, median_cpi=4, fpcpi=1, fpcpi_m_fe=2->",2
428,"date=8/1/2019, spcpi=3, spcpi_m_s=2, spcpi_m_fe=3, spcpi_m_fes=2, trim_mean_pce=3, sixteenP_trim_mean_cpi=3, median_cpi=4, fpcpi=1, fpcpi_m_fe=3->",3
429,"date=9/1/2019, spcpi=3, spcpi_m_s=2, spcpi_m_fe=3, spcpi_m_fes=1, trim_mean_pce=2, sixteenP_trim_mean_cpi=3, median_cpi=4, fpcpi=1, fpcpi_m_fe=3->",3
430,"date=10/1/2019, spcpi=3, spcpi_m_s=3, spcpi_m_fe=3, spcpi_m_fes=3, trim_mean_pce=2, sixteenP_trim_mean_cpi=3, median_cpi=4, fpcpi=1, fpcpi_m_fe=1->",1
431,"date=11/1/2019, spcpi=3, spcpi_m_s=3, spcpi_m_fe=4, spcpi_m_fes=3, trim_mean_pce=2, sixteenP_trim_mean_cpi=3, median_cpi=4, fpcpi=1, fpcpi_m_fe=1->",1
432,"date=12/1/2019, spcpi=3, spcpi_m_s=3, spcpi_m_fe=4, spcpi_m_fes=3, trim_mean_pce=2, sixteenP_trim_mean_cpi=3, median_cpi=4, fpcpi=2, fpcpi_m_fe=0->",0
433,"date=1/1/2020, spcpi=4, spcpi_m_s=3, spcpi_m_fe=4, spcpi_m_fes=3, trim_mean_pce=2, sixteenP_trim_mean_cpi=3, median_cpi=4, fpcpi=3, fpcpi_m_fe=0->",0
434,"date=2/1/2020, spcpi=4, spcpi_m_s=3, spcpi_m_fe=4, spcpi_m_fes=3, trim_mean_pce=2, sixteenP_trim_mean_cpi=3, median_cpi=4, fpcpi=2, fpcpi_m_fe=1->",1
435,"date=3/1/2020, spcpi=3, spcpi_m_s=2, spcpi_m_fe=3, spcpi_m_fes=2, trim_mean_pce=2, sixteenP_trim_mean_cpi=3, median_cpi=4, fpcpi=0, fpcpi_m_fe=0->",0
436,"date=4/1/2020, spcpi=1, spcpi_m_s=0, spcpi_m_fe=1, spcpi_m_fes=0, trim_mean_pce=1, sixteenP_trim_mean_cpi=2, median_cpi=4, fpcpi=0, fpcpi_m_fe=0->",0
437,"date=5/1/2020, spcpi=1, spcpi_m_s=0, spcpi_m_fe=1, spcpi_m_fes=0, trim_mean_pce=2, sixteenP_trim_mean_cpi=3, median_cpi=4, fpcpi=0, fpcpi_m_fe=0->",0
438,"date=6/1/2020, spcpi=1, spcpi_m_s=0, spcpi_m_fe=1, spcpi_m_fes=0, trim_mean_pce=2, sixteenP_trim_mean_cpi=3, median_cpi=3, fpcpi=0, fpcpi_m_fe=0->",0
439,"date=7/1/2020, spcpi=2, spcpi_m_s=2, spcpi_m_fe=2, spcpi_m_fes=2, trim_mean_pce=2, sixteenP_trim_mean_cpi=3, median_cpi=3, fpcpi=0, fpcpi_m_fe=0->",0
440,"date=8/1/2020, spcpi=2, spcpi_m_s=2, spcpi_m_fe=2, spcpi_m_fes=2, trim_mean_pce=2, sixteenP_trim_mean_cpi=3, median_cpi=3, fpcpi=1, fpcpi_m_fe=0->",0
441,"date=9/1/2020, spcpi=1, spcpi_m_s=2, spcpi_m_fe=1, spcpi_m_fes=1, trim_mean_pce=2, sixteenP_trim_mean_cpi=3, median_cpi=2, fpcpi=1, fpcpi_m_fe=2->",2
442,"date=10/1/2020, spcpi=0, spcpi_m_s=1, spcpi_m_fe=0, spcpi_m_fes=0, trim_mean_pce=1, sixteenP_trim_mean_cpi=2, median_cpi=2, fpcpi=1, fpcpi_m_fe=4->",4
443,"date=11/1/2020, spcpi=0, spcpi_m_s=1, spcpi_m_fe=0, spcpi_m_fes=0, trim_mean_pce=1, sixteenP_trim_mean_cpi=2, median_cpi=1, fpcpi=1, fpcpi_m_fe=4->",4
444,"date=12/1/2020, spcpi=0, spcpi_m_s=1, spcpi_m_fe=0, spcpi_m_fes=0, trim_mean_pce=1, sixteenP_trim_mean_cpi=2, median_cpi=1, fpcpi=2, fpcpi_m_fe=5->",5
445,"date=1/1/2021, spcpi=0, spcpi_m_s=0, spcpi_m_fe=0, spcpi_m_fes=0, trim_mean_pce=1, sixteenP_trim_mean_cpi=1, median_cpi=0, fpcpi=3, fpcpi_m_fe=5->",5
446,"date=2/1/2021, spcpi=0, spcpi_m_s=0, spcpi_m_fe=0, spcpi_m_fes=0, trim_mean_pce=1, sixteenP_trim_mean_cpi=1, median_cpi=1, fpcpi=4, fpcpi_m_fe=3->",3
447,"date=3/1/2021, spcpi=0, spcpi_m_s=1, spcpi_m_fe=0, spcpi_m_fes=1, trim_mean_pce=2, sixteenP_trim_mean_cpi=2, median_cpi=0, fpcpi=6, fpcpi_m_fe=5->",5
448,"date=4/1/2021, spcpi=2, spcpi_m_s=4, spcpi_m_fe=2, spcpi_m_fes=4, trim_mean_pce=2, sixteenP_trim_mean_cpi=3, median_cpi=1, fpcpi=7, fpcpi_m_fe=7->",7
449,"date=5/1/2021, spcpi=3, spcpi_m_s=5, spcpi_m_fe=3, spcpi_m_fes=5, trim_mean_pce=3, sixteenP_trim_mean_cpi=4, median_cpi=1, fpcpi=7, fpcpi_m_fe=7->",7
450,"date=6/1/2021, spcpi=3, spcpi_m_s=5, spcpi_m_fe=3, spcpi_m_fes=5, trim_mean_pce=3, sixteenP_trim_mean_cpi=5, median_cpi=1, fpcpi=7, fpcpi_m_fe=7->",7
451,"date=7/1/2021, spcpi=2, spcpi_m_s=4, spcpi_m_fe=2, spcpi_m_fes=3, trim_mean_pce=3, sixteenP_trim_mean_cpi=5, median_cpi=1, fpcpi=7, fpcpi_m_fe=7->",7
452,"date=8/1/2021, spcpi=3, spcpi_m_s=4, spcpi_m_fe=2, spcpi_m_fes=3, trim_mean_pce=4, sixteenP_trim_mean_cpi=5, median_cpi=2, fpcpi=7, fpcpi_m_fe=7->",7
453,"date=9/1/2021, spcpi=4, spcpi_m_s=4, spcpi_m_fe=3, spcpi_m_fes=4, trim_mean_pce=5, sixteenP_trim_mean_cpi=6, median_cpi=3, fpcpi=7, fpcpi_m_fe=7->",7
454,"date=10/1/2021, spcpi=5, spcpi_m_s=5, spcpi_m_fe=4, spcpi_m_fes=5, trim_mean_pce=5, sixteenP_trim_mean_cpi=7, median_cpi=5, fpcpi=7, fpcpi_m_fe=7->",7
455,"date=11/1/2021, spcpi=5, spcpi_m_s=5, spcpi_m_fe=5, spcpi_m_fes=5, trim_mean_pce=6, sixteenP_trim_mean_cpi=7, median_cpi=6, fpcpi=7, fpcpi_m_fe=7->",7
456,"date=12/1/2021, spcpi=6, spcpi_m_s=6, spcpi_m_fe=5, spcpi_m_fes=5, trim_mean_pce=6, sixteenP_trim_mean_cpi=7, median_cpi=6, fpcpi=7, fpcpi_m_fe=7->",7
457,"date=1/1/2022, spcpi=6, spcpi_m_s=6, spcpi_m_fe=6, spcpi_m_fes=6, trim_mean_pce=6, sixteenP_trim_mean_cpi=7, median_cpi=7, fpcpi=7, fpcpi_m_fe=7->",7
458,"date=2/1/2022, spcpi=6, spcpi_m_s=7, spcpi_m_fe=6, spcpi_m_fes=6, trim_mean_pce=7, sixteenP_trim_mean_cpi=7, median_cpi=7, fpcpi=7, fpcpi_m_fe=7->",7
459,"date=3/1/2022, spcpi=7, spcpi_m_s=7, spcpi_m_fe=6, spcpi_m_fes=6, trim_mean_pce=7, sixteenP_trim_mean_cpi=7, median_cpi=7, fpcpi=7, fpcpi_m_fe=7->",7
460,"date=4/1/2022, spcpi=7, spcpi_m_s=7, spcpi_m_fe=6, spcpi_m_fes=7, trim_mean_pce=7, sixteenP_trim_mean_cpi=7, median_cpi=7, fpcpi=7, fpcpi_m_fe=7->",7
461,"date=5/1/2022, spcpi=7, spcpi_m_s=7, spcpi_m_fe=7, spcpi_m_fes=7, trim_mean_pce=7, sixteenP_trim_mean_cpi=7, median_cpi=7, fpcpi=7, fpcpi_m_fe=7->",7
462,"date=6/1/2022, spcpi=7, spcpi_m_s=7, spcpi_m_fe=7, spcpi_m_fes=7, trim_mean_pce=7, sixteenP_trim_mean_cpi=7, median_cpi=7, fpcpi=7, fpcpi_m_fe=7->",7
463,"date=7/1/2022, spcpi=7, spcpi_m_s=7, spcpi_m_fe=7, spcpi_m_fes=7, trim_mean_pce=7, sixteenP_trim_mean_cpi=7, median_cpi=7, fpcpi=7, fpcpi_m_fe=7->",7
464,"date=8/1/2022, spcpi=7, spcpi_m_s=7, spcpi_m_fe=7, spcpi_m_fes=7, trim_mean_pce=7, sixteenP_trim_mean_cpi=7, median_cpi=7, fpcpi=7, fpcpi_m_fe=7->",7
465,"date=9/1/2022, spcpi=7, spcpi_m_s=7, spcpi_m_fe=7, spcpi_m_fes=7, trim_mean_pce=7, sixteenP_trim_mean_cpi=7, median_cpi=7, fpcpi=7, fpcpi_m_fe=7->",7
466,"date=10/1/2022, spcpi=7, spcpi_m_s=7, spcpi_m_fe=7, spcpi_m_fes=7, trim_mean_pce=7, sixteenP_trim_mean_cpi=7, median_cpi=7, fpcpi=7, fpcpi_m_fe=7->",7
467,"date=11/1/2022, spcpi=7, spcpi_m_s=7, spcpi_m_fe=7, spcpi_m_fes=7, trim_mean_pce=7, sixteenP_trim_mean_cpi=7, median_cpi=7, fpcpi=7, fpcpi_m_fe=5->",5
468,"date=12/1/2022, spcpi=7, spcpi_m_s=7, spcpi_m_fe=7, spcpi_m_fes=7, trim_mean_pce=7, sixteenP_trim_mean_cpi=7, median_cpi=7, fpcpi=6, fpcpi_m_fe=2->",2
469,"date=1/1/2023, spcpi=7, spcpi_m_s=7, spcpi_m_fe=7, spcpi_m_fes=7, trim_mean_pce=7, sixteenP_trim_mean_cpi=7, median_cpi=7, fpcpi=6, fpcpi_m_fe=1->",1
